id,longitude,latitude,label,producing_place_label,description,stream_label,stream_color,icon_url,creation_datetime
0019a520-33e5-4b87-a8b0-f035eb71fff9,3.22270773135022,43.3643198066834,BÉZ-528-OM,BÉZ-528,"BÉZ-528 74 Boulevard Colette Besson BEZIERS 34500, 4000L Enterrée",Déchets ménagers,#767678,ic_container_11,2025-05-05 15:38:10
0056c934-dd39-4e1a-a88c-277128c34cf2,3.21657926698568,43.338560132716,BÉZ-261-OM,BÉZ-261,"BÉZ-261 5 Rue de l'Hortet BEZIERS 34500, 4000L Semi-enterrée",Déchets ménagers,#767678,ic_container_9,2025-05-05 15:38:10
005ce5fb-d9fa-49ba-8562-59e95569a270,3.23477807871791,43.3439651560566,BÉZ-83-T,BÉZ-83,"BÉZ-83 8 Rue Henri Mestre BEZIERS 34500, 4000L Semi-enterrée",Textile,#0e3056,ic_container_9,2025-05-05 15:38:10
008b943a-cf49-4d8d-886a-4536beecaae6,3.23764714596246,43.3618958018011,BÉZ-69-V,BÉZ-69,"BÉZ-69 245 Allée Louis Renault BEZIERS 34500, 4000L Aérienne",Verre,#41a111,ic_container_ccsp_4,2025-05-05 15:38:10
00a9afdc-6c0d-4d03-8259-cd280151e83b,3.2076315640169,43.356649648982,BÉZ-128-OM2,BÉZ-128,"BÉZ-128 52 Rue de Saint-Geniès BEZIERS 34500, 4000L Aérienne",Déchets ménagers,#767678,ic_container_ccsp_4,2025-05-05 15:38:10
00ad7e2e-702e-42a7-8d92-fc91343dc645,3.23304649807754,43.3618854831325,BÉZ-288-V,BÉZ-288,"BÉZ-288 545 Boulevard Ernest Hemingway BEZIERS 34500, 4000L Aérienne",Verre,#41a111,ic_container_ccsp_4,2025-05-05 15:38:10
00af7d77-eadf-4c9a-818e-395545ab865a,3.23868981110352,43.3426150997103,BÉZ-82-OM3,BÉZ-82,"BÉZ-82 16 Boulevard Maréchal Leclerc BEZIERS 34500, 4000L Enterrée",Déchets ménagers,#767678,ic_container_11,2025-05-05 15:38:10
01610318-0ef0-4346-a5dc-33b3a7bd4e36,3.22780272544629,43.3570671378114,BÉZ-393-V,BÉZ-393,"BÉZ-393 1 Impasse René Truel BEZIERS 34500, 4000L Semi-enterrée",Verre,#41a111,ic_container_9,2025-05-05 15:38:10
016db12d-1f1d-4cab-8c1f-d146eedcba8d,3.25782008825193,43.3416651982534,BÉZ-175-CS,BÉZ-175,"BÉZ-175 8 Rue d'Omaha Beach BEZIERS 34500, 4000L Enterrée",Tri sélectif,#f0e53d,ic_container_11,2025-05-05 15:38:10
017794ea-1ff1-4978-9a56-6786d39e7737,3.20751726035909,43.337107807306,BÉZ-295-CS,BÉZ-295,"BÉZ-295 15 Avenue de Sérignan BEZIERS 34500, 4000L Semi-enterrée",Tri sélectif,#f0e53d,ic_container_9,2025-05-05 15:38:10
01839c86-474a-4e5e-a37d-2f135a2cbdf4,3.27992945228903,43.3229044798328,VIL-38-OM,VIL-38,"VIL-38 Rond-point Malala Yousafzai VILLENEUVE LES BEZIERS 34420, 4000L Enterrée",Déchets ménagers,#767678,ic_container_11,2025-05-05 15:38:10
01a2fca4-64fc-4f51-b3b4-5c2d96efc392,3.25755823054466,43.3432497977562,BÉZ-441-OM,BÉZ-441,"BÉZ-441 25 Rue Jean Falandry BEZIERS 34500, 4000L Aérienne",Déchets ménagers,#767678,ic_container_ccsp_4,2025-05-05 15:38:10
01d4b965-f338-4714-b811-789a8eec49f1,3.21651414218228,43.3545373247852,BÉZ-342-OM2,BÉZ-342,"BÉZ-342 25 Rue de la Renardière BEZIERS 34500, 4000L Semi-enterrée",Déchets ménagers,#767678,ic_container_9,2025-05-05 15:38:10
01d80d3e-6f5e-4395-9138-c8ab2695c2c6,3.28901671007364,43.2450903903802,VAL-20-Bio,VAL-20,"VAL-20 9 Rue Jean Jaures VALRAS PLAGE 34350, 4000L Semi-enterrée",Biodéchets,#fb7e12,ic_container_9,2025-05-05 15:38:10
01de6efb-e7b1-4678-8f9d-85cd9360e1ee,3.21612854112709,43.3578933940717,BÉZ-341-OM,BÉZ-341,"BÉZ-341 1 Rue de l'Orient BEZIERS 34500, 4000L Semi-enterrée",Déchets ménagers,#767678,ic_container_9,2025-05-05 15:38:10
02093eb1-8ea1-4806-a217-cf3fc055ded2,3.20910196060469,43.3496188971518,BÉZ-159-OM,BÉZ-159,"BÉZ-159 10 Rue du Rossignol BEZIERS 34500, 4000L Enterrée",Déchets ménagers,#767678,ic_container_11,2025-05-05 15:38:10
020d1e1d-909f-4b21-91f3-be9df14c5f2b,3.2421650233313,43.3445589537275,BÉZ-535-CS,BÉZ-535,"BÉZ-535 24 Rue Robert Rivetti BEZIERS 34500, 4000L Semi-enterrée",Tri sélectif,#f0e53d,ic_container_9,2025-05-05 15:38:10
021ac06b-bfb0-4b53-9a63-95d2c8160c51,3.23718871173764,43.3543309406114,BÉZ-282-CS2,BÉZ-282,"BÉZ-282 28 Rue du Comtat Venaissin BEZIERS 34500, 4000L Aérienne",Tri sélectif,#f0e53d,ic_container_ccsp_4,2025-05-05 15:38:10
022b2af5-a7b0-4226-bad0-ad5c6c761f0a,3.28194868781676,43.2825675763174,SÉR-3-CS2,SÉR-3,"SÉR-3 Chemin des Airoules SERIGNAN 34410, 4000L Enterrée",Tri sélectif,#f0e53d,ic_container_11,2025-05-05 15:38:10
024ab891-b1ea-4079-8db8-7e851d78a62e,3.19298246781727,43.3399623889605,BÉZ-533-OM,BÉZ-533,"BÉZ-533 2 Rue des Figuiers BEZIERS 34500, 4000L Semi-enterrée",Déchets ménagers,#767678,ic_container_9,2025-05-05 15:38:10
028987a5-c096-494f-b2ed-41a33cf2caa5,3.23565685881991,43.3333845020229,BÉZ-38-CS,BÉZ-38,"BÉZ-38 15 Rue Edouard Leroy BEZIERS 34500, 4000L Semi-enterrée",Tri sélectif,#f0e53d,ic_container_9,2025-05-05 15:38:10
029299a6-9e90-4c51-81fb-27097fc7ffa1,3.18825887108706,43.3316308035569,BÉZ-318-OM2,BÉZ-318,"BÉZ-318 160 Rue Frédérik de Klerk BEZIERS 34500, 4000L Enterrée",Déchets ménagers,#767678,ic_container_11,2025-05-05 15:38:10
02a663c4-a762-4f82-8579-fe524634467c,3.23311427325044,43.3526672385977,BÉZ-280-CS,BÉZ-280,"BÉZ-280 64 Avenue Jean Moulin BEZIERS 34500, 4000L Semi-enterrée",Tri sélectif,#f0e53d,ic_container_9,2025-05-05 15:38:10
02b7bd92-e68c-4220-840c-831cc922d207,3.23615466002178,43.3531100994568,BÉZ-406-OM,BÉZ-406,"BÉZ-406 9 Rue du Béarn BEZIERS 34500, 4000L Aérienne",Déchets ménagers,#767678,ic_container_ccsp_4,2025-05-05 15:38:10
02d0d4d8-3fd9-4fc6-ae52-65f1f40e815f,3.27566844239355,43.2396643140812,VAL-24-CS,VAL-24,"VAL-24 9bis Cami Founjut VALRAS PLAGE 34350, 4000L Aérienne",Tri sélectif,#f0e53d,ic_container_ccsp_4,2025-05-05 15:38:10
02d11464-01de-497b-938f-f7aa445ba109,3.24406555479483,43.32825660609,BÉZ-445-CS,BÉZ-445,"BÉZ-445 2 Rue de Saint Bitou BEZIERS 34500, 4000L Aérienne",Tri sélectif,#f0e53d,ic_container_ccsp_4,2025-05-05 15:38:10
02f0a570-4656-4627-a2e6-909d5b43d628,3.17587547722117,43.3272551123429,BÉZ-148-OM,BÉZ-148,"BÉZ-148 2030 Traverse de Colombiers BEZIERS 34500, 4000L Aérienne",Déchets ménagers,#767678,ic_container_ccsp_4,2025-05-05 15:38:10
036820af-e601-4d5a-a880-04c2b4faafa0,3.22670713225225,43.359624284024,BÉZ-350-CS2,BÉZ-350,"BÉZ-350 40 Rue de la Daubinelle BEZIERS 34500, 4000L Aérienne",Tri sélectif,#f0e53d,ic_container_ccsp_4,2025-05-05 15:38:10
0381eeb4-2ff9-41cd-8336-61b1cc25db0d,3.27582533909931,43.2380015341614,VAL-38-OM2,VAL-38,"VAL-38 28 Avenue des Elysees VALRAS PLAGE 34350, 4000L Semi-enterrée",Déchets ménagers,#767678,ic_container_9,2025-05-20 09:02:49
0394a395-cb40-4f91-8320-dd8725111f10,3.21007309090674,43.3523789654456,BÉZ-231-V,BÉZ-231,"BÉZ-231 16 Rue de Saint-Geniès BEZIERS 34500, 4000L Semi-enterrée",Verre,#41a111,ic_container_9,2025-05-05 15:38:10
03b4cc61-03ac-42d1-ad11-2aa49c8db868,3.28662863065843,43.2455241264296,VAL-35-V,VAL-35,"VAL-35 2 Rue Victor Hugo VALRAS PLAGE 34350, 4000L Enterrée",Verre,#41a111,ic_container_11,2025-05-05 15:38:10
03bdf3b9-7ec6-4e85-88f1-c8895e76bf8b,3.23514064955077,43.3571531050975,BÉZ-402-T,BÉZ-402,"BÉZ-402 42 Rue de Rocagel BEZIERS 34500, 4000L Semi-enterrée",Textile,#0e3056,ic_container_9,2025-05-05 15:38:10
03be25a2-6250-4d8c-bbe0-25df2a27bfdd,3.22145929703296,43.365335786119,BÉZ-472-CS,BÉZ-472,"BÉZ-472 671 Chemin Rural 3 de Béziers à Lieuran-Ribaute BEZIERS 34500, 4000L Enterrée",Tri sélectif,#f0e53d,ic_container_11,2025-05-05 15:38:10
03c146e1-11c3-4fb8-9d30-814bc3e2fb56,3.27342213106398,43.3374415488034,BÉZ-182-V,BÉZ-182,"BÉZ-182 151 Rue Bacchus BEZIERS 34500, 4000L Enterrée",Verre,#41a111,ic_container_11,2025-05-05 15:38:10
03ea2563-b6e4-4a34-8fd5-5a39458c5a59,3.2209048565852,43.356706314819,BÉZ-338-V,BÉZ-338,"BÉZ-338 7 Rue Jean Giraudoux BEZIERS 34500, 4000L Enterrée",Verre,#41a111,ic_container_11,2025-05-05 15:38:10
041c5aa7-6490-48ea-848a-9540aaf41334,3.31851281146975,43.3170749663441,VIL-26-V,VIL-26,"VIL-26 Chemin de Caylus VILLENEUVE LES BEZIERS 34420, 4000L Semi-enterrée",Verre,#41a111,ic_container_9,2025-05-05 15:38:10
042074d9-5ceb-473e-965e-3cb2058d8d5a,3.2562149126907,43.3355931558097,BÉZ-51-CS,BÉZ-51,"BÉZ-51 12 Boulevard Jean Bouin BEZIERS 34500, 4000L Semi-enterrée",Tri sélectif,#f0e53d,ic_container_9,2025-05-05 15:38:10
0420d526-af45-428b-a39b-3faf5258febd,3.24218413041938,43.3573968804589,BÉZ-397-V,BÉZ-397,"BÉZ-397 2 Rue Albert Schweitzer BEZIERS 34500, 4000L Semi-enterrée",Verre,#41a111,ic_container_9,2025-05-05 15:38:10
043cf8fd-d050-45cd-8b4f-a72401954f4b,3.2161992364151,43.3562970011988,BÉZ-478-OM,BÉZ-478,"BÉZ-478 47 Rue de la Renardière BEZIERS 34500, 4000L Aérienne",Déchets ménagers,#767678,ic_container_ccsp_4,2025-05-05 15:38:10
04461dec-32c1-471e-abf3-2dd086922ba4,3.26330016939754,43.2913450997834,SAU-27-Bio,SAU-27,"SAU-27 Rue Française SAUVIAN 34410, 4000L Semi-enterrée",Biodéchets,#fb7e12,ic_container_9,2025-05-05 15:38:10
045a548a-4a76-4207-a884-121da98f16c0,3.28288969472473,43.2691999221708,SÉR-2-OM2,SÉR-2,"SÉR-2 Bellegarde-le-haut SERIGNAN 34410, 4000L Enterrée",Déchets ménagers,#767678,ic_container_11,2025-05-20 12:16:19
048eff88-7cd1-41e4-ab4e-824b080f4ce7,3.25734694174049,43.3299241350283,BÉZ-532-CS,BÉZ-532,"BÉZ-532 3 Rue André Blondel BEZIERS 34500, 4000L Semi-enterrée",Tri sélectif,#f0e53d,ic_container_9,2025-05-05 15:38:10
04a56d88-86e5-4a9f-8b8e-d8f02b8bbe8d,3.28646360097392,43.3227528026113,VIL-28-CS,VIL-28,"VIL-28 48 Chemin de Parazols VILLENEUVE LES BEZIERS 34420, 4000L Aérienne",Tri sélectif,#f0e53d,ic_container_ccsp_4,2025-05-05 15:38:10
04abad54-9615-431f-ab0b-ee16bd57af4e,3.22532969044748,43.3619972688985,BÉZ-67-CS,BÉZ-67,"BÉZ-67 52 Rue Micheline Ostermeyer BEZIERS 34500, 4000L Semi-enterrée",Tri sélectif,#f0e53d,ic_container_9,2025-05-05 15:38:10
04b08ee2-da77-4434-98c5-eaaac6988d9a,3.24740973459946,43.3565201355504,BÉZ-207-Bio,BÉZ-207,"BÉZ-207 46 Rue de la Crouzette BEZIERS 34500, 4000L Enterrée",Biodéchets,#fb7e12,ic_container_11,2025-05-05 15:38:10
04d06701-0cb1-47e9-8798-e3e3fa3ff99e,3.26696688912923,43.2927301740317,SAU-6-V,SAU-6,"SAU-6 41 Avenue Paul Vidal SAUVIAN 34410, 4000L Enterrée",Verre,#41a111,ic_container_11,2025-05-05 15:38:10
05682996-05e2-4f33-94a6-b3b8b2995a3e,3.23931835942561,43.3522201199718,BÉZ-364-T,BÉZ-364,"BÉZ-364 9 Boulevard Président Kennedy BEZIERS 34500, 4000L Aérienne",Textile,#0e3056,ic_container_ccsp_4,2025-05-05 15:38:10
05a154c6-fa7a-4579-a249-01e3ce5f249c,3.27120042831846,43.3217011460148,VIL-27-OM,VIL-27,"VIL-27 50 Avenue Pierre Bérégovoy VILLENEUVE LES BEZIERS 34420, 4000L Aérienne",Déchets ménagers,#767678,ic_container_ccsp_4,2025-05-05 15:38:10
05b6bc07-5a84-4ee9-b9a1-fc2d2657c2f0,3.22698446009326,43.3651579470254,BÉZ-260-OM,BÉZ-260,"BÉZ-260 188 Rue Jean Despeaux BEZIERS 34500, 4000L Semi-enterrée",Déchets ménagers,#767678,ic_container_9,2025-05-05 15:38:10
05befda5-feb0-4ab7-bf8c-9d5ce499dab2,3.28288969472473,43.2691999221708,SÉR-11-CS,SÉR-11,"SÉR-11 Bellegarde-le-haut SERIGNAN 34410, 4000L Enterrée",Tri sélectif,#f0e53d,ic_container_11,2025-05-05 15:38:10
05e31262-9ff4-4210-bb9b-7231cb200df6,3.27269567247584,43.2398058644487,SÉR-27-OM,SÉR-27,"SÉR-27 7 Impasse de la Sansouire SERIGNAN 34410, 4000L Enterrée",Déchets ménagers,#767678,ic_container_11,2025-05-20 10:03:07
05ec2dd4-3e29-4ca5-9afb-b1d842f71e37,3.24927852185464,43.2963282573141,SAU-17-CS2,SAU-17,"SAU-17 33 Rue des Myosotis SAUVIAN 34410, 4000L Semi-enterrée",Tri sélectif,#f0e53d,ic_container_9,2025-05-05 15:38:10
0611a66f-9116-40ca-896b-230fb8cd477d,3.18185790992098,43.3381834663923,BÉZ-146-T,BÉZ-146,"BÉZ-146 90 Rue Raymond de Péreille BEZIERS 34500, 4000L Enterrée",Textile,#0e3056,ic_container_11,2025-05-05 15:38:10
0618683e-9e45-480a-bca6-4244271ba79d,3.33300436506913,43.2689125697481,SÉR-4-Bio,SÉR-4,"SÉR-4 20 Orpellières Basses SERIGNAN 34410, 4000L Semi-enterrée",Biodéchets,#fb7e12,ic_container_9,2025-05-05 15:38:10
063f1adc-349c-4f79-9db1-69059d70d0fe,3.25443502913168,43.3320083781484,BÉZ-422-CS2,BÉZ-422,"BÉZ-422 2 Rue Paul Roca BEZIERS 34500, 4000L Semi-enterrée",Tri sélectif,#f0e53d,ic_container_9,2025-05-05 15:38:10
067ae412-301d-493c-8dde-36c6301d74ce,3.18547511342185,43.3449969383524,BÉZ-459-OM,BÉZ-459,"BÉZ-459 14 Rue Guillaume Belibaste BEZIERS 34500, 4000L Semi-enterrée",Déchets ménagers,#767678,ic_container_9,2025-05-05 15:38:10
068fb80e-a0af-480e-9067-17373e6f77e6,3.25802872471379,43.3380880154644,BÉZ-277-OM,BÉZ-277,"BÉZ-277 21 Rue de Bastit BEZIERS 34500, 4000L Semi-enterrée",Déchets ménagers,#767678,ic_container_9,2025-05-05 15:38:10
06b1c09f-35d3-4ca6-9e9f-efd96334166b,3.24729904593162,43.2886107430482,SAU-26-V,SAU-26,"SAU-26 5 Avenue de Font Vive SAUVIAN 34410, 4000L Semi-enterrée",Verre,#41a111,ic_container_9,2025-05-05 15:38:10
06cbed78-dc97-4f7f-9964-177979b79b38,3.28575139351964,43.3151452955746,VIL-15-OM,VIL-15,"VIL-15 32 Rue des Pâquerettes VILLENEUVE LES BEZIERS 34420, 4000L Aérienne",Déchets ménagers,#767678,ic_container_ccsp_4,2025-05-05 15:38:10
06e848cf-5c17-4a0c-92f5-6e33d39f0d36,3.27992945228903,43.3229044798328,VIL-38-CS,VIL-38,"VIL-38 Rond-point Malala Yousafzai VILLENEUVE LES BEZIERS 34420, 4000L Semi-enterrée",Tri sélectif,#f0e53d,ic_container_9,2025-05-05 15:38:10
0709959c-58f2-442c-8815-d3c439b04af2,3.20417967778167,43.3340141591042,BÉZ-466-OM,BÉZ-466,"BÉZ-466 29 Rue des Ecluses BEZIERS 34500, 4000L Aérienne",Déchets ménagers,#767678,ic_container_ccsp_4,2025-05-05 15:38:10
071d9dd5-3b85-4a33-bdea-b3fec793b145,3.21950961967994,43.3594228386476,BÉZ-42-V,BÉZ-42,"BÉZ-42 206 Ancienne Route de Bédarieux BEZIERS 34500, 4000L Semi-enterrée",Verre,#41a111,ic_container_9,2025-05-05 15:38:10
073d3e52-d814-43b6-8a84-d1dce23a19fc,3.21715950304846,43.3610141257807,BÉZ-359-OM,BÉZ-359,"BÉZ-359 23 Rue du Bananier BEZIERS 34500, 4000L Aérienne",Déchets ménagers,#767678,ic_container_ccsp_4,2025-05-05 15:38:10
074a8996-1eac-46e2-8b07-107d9173a8c5,3.23441538696207,43.3470032540302,BÉZ-210-OM2,BÉZ-210,"BÉZ-210 8 Rue Jean Nussy BEZIERS 34500, 4000L Semi-enterrée",Déchets ménagers,#767678,ic_container_9,2025-05-05 15:38:10
074d788a-df27-4078-a5e5-79b853fa5ab0,3.22531265521969,43.3367130835508,BÉZ-209-Bio,BÉZ-209,"BÉZ-209 7 Rond-point Hours BEZIERS 34500, 4000L Semi-enterrée",Biodéchets,#fb7e12,ic_container_9,2025-05-05 15:38:10
076c5a27-ae8b-4f64-b715-276da812b9ac,3.23502938322646,43.3444683207584,BÉZ-276-CS,BÉZ-276,"BÉZ-276 3 Rue Maurice Lautier BEZIERS 34500, 4000L Semi-enterrée",Tri sélectif,#f0e53d,ic_container_9,2025-05-05 15:38:10
07768e6e-8b37-4ea9-8d98-2fb052524d79,3.22783940757986,43.3617377421616,BÉZ-354-CS,BÉZ-354,"BÉZ-354 21 Rue des Terriès BEZIERS 34500, 4000L Aérienne",Tri sélectif,#f0e53d,ic_container_ccsp_4,2025-05-05 15:38:10
0781367c-e081-4b09-aa89-6d0c92e038e3,3.21715536547532,43.3614703946179,BÉZ-44-Bio,BÉZ-44,"BÉZ-44 138 Chemin de l'Oasis BEZIERS 34500, 4000L Enterrée",Biodéchets,#fb7e12,ic_container_11,2025-05-05 15:38:10
082a2a75-57fd-4948-ba2e-142e9d225a61,3.24248685284694,43.3512913632758,BÉZ-322-CS,BÉZ-322,"BÉZ-322 1 Impasse Pierre Esprit Séguier BEZIERS 34500, 4000L Semi-enterrée",Tri sélectif,#f0e53d,ic_container_9,2025-05-05 15:38:10
084c187c-ad62-41e7-a498-3740bbea11a2,3.20272636440254,43.3430389657614,BÉZ-213-CS,BÉZ-213,"BÉZ-213 260 Chemin Rural 103 de Béziers au Rebaut-Bas BEZIERS 34500, 4000L Enterrée",Tri sélectif,#f0e53d,ic_container_11,2025-05-05 15:38:10
0851c48b-0b0a-488e-b6ec-ff1db95a0321,3.24559691521143,43.3407701096804,BÉZ-48-Bio,BÉZ-48,"BÉZ-48 12 Impasse Alfred Nobel BEZIERS 34500, 4000L Aérienne",Biodéchets,#fb7e12,ic_container_ccsp_4,2025-05-05 15:38:10
087fec5e-115b-4e30-b75b-5ac430883255,3.28051999566342,43.2844823366555,SÉR-20-Bio,SÉR-20,"SÉR-20 Chemin de la Barque SERIGNAN 34410, 4000L Semi-enterrée",Biodéchets,#fb7e12,ic_container_9,2025-05-05 15:38:10
08900071-21a2-4b3c-a4f5-295cfd53bdc0,3.20854357330816,43.3507982473744,BÉZ-160-OM2,BÉZ-160,"BÉZ-160 Rue Jules Dalou BEZIERS 34500, 4000L Enterrée",Déchets ménagers,#767678,ic_container_11,2025-05-05 15:38:10
091a84d4-17e3-463e-98e9-f963d62baa3b,3.22272961580193,43.3678873968838,BÉZ-165-OM2,BÉZ-165,"BÉZ-165 182 Rue Augustin Jean Fresnel BEZIERS 34500, 4000L Aérienne",Déchets ménagers,#767678,ic_container_ccsp_4,2025-05-05 15:38:10
09549df3-126f-4184-8ce8-2db08d971ac4,3.28662863065843,43.2455241264296,VAL-35-OM2,VAL-35,"VAL-35 2 Rue Victor Hugo VALRAS PLAGE 34350, 4000L Aérienne",Déchets ménagers,#767678,ic_container_ccsp_4,2025-05-20 09:00:46
0965619d-9f80-47bf-8f4e-b6bfe0b9e3bb,3.21224777248145,43.3588973539113,BÉZ-125-T,BÉZ-125,"BÉZ-125 202 Route de Corneilhan BEZIERS 34500, 4000L Enterrée",Textile,#0e3056,ic_container_11,2025-05-05 15:38:10
0986d0f8-6376-40e8-a657-cdc7cbe49a69,3.2209048565852,43.356706314819,BÉZ-338-OM,BÉZ-338,"BÉZ-338 7 Rue Jean Giraudoux BEZIERS 34500, 4000L Semi-enterrée",Déchets ménagers,#767678,ic_container_9,2025-05-05 15:38:10
098dd3eb-396f-4003-8d06-646ceffdc189,3.21028694296954,43.351905413367,BÉZ-169-CS,BÉZ-169,"BÉZ-169 2 Rue de Saint-Geniès BEZIERS 34500, 4000L Enterrée",Tri sélectif,#f0e53d,ic_container_11,2025-05-05 15:38:10
09966a2b-fe42-4151-af5d-5214bdf5e413,3.23052219328967,43.3633624982874,BÉZ-232-Bio,BÉZ-232,"BÉZ-232 711 Rue Jean Despeaux BEZIERS 34500, 4000L Semi-enterrée",Biodéchets,#fb7e12,ic_container_9,2025-05-05 15:38:10
099c4ac3-f5cc-4904-bcd3-b616434b2f36,3.28575139351964,43.3151452955746,VIL-15-CS,VIL-15,"VIL-15 32 Rue des Pâquerettes VILLENEUVE LES BEZIERS 34420, 4000L Semi-enterrée",Tri sélectif,#f0e53d,ic_container_9,2025-05-05 15:38:10
09a5efeb-2331-4878-a3cc-6e937ae07e65,3.28530548014055,43.2569639700536,SÉR-9-V2,SÉR-9,"SÉR-9 1110 Le Poste de Valras SERIGNAN 34410, 4000L Aérienne",Verre,#41a111,ic_container_ccsp_4,2025-05-05 15:38:10
09c68e93-3009-4db1-9f12-1013cf427c4d,3.22165611065288,43.3467831668239,BÉZ-270-OM,BÉZ-270,"BÉZ-270 16 Rue d'Alsace BEZIERS 34500, 4000L Semi-enterrée",Déchets ménagers,#767678,ic_container_9,2025-05-05 15:38:10
09d47f94-00e7-4755-bb3d-9ce94754ecf7,3.21549431924247,43.3394566289109,BÉZ-454-Bio,BÉZ-454,"BÉZ-454 4 Avenue de la Marne BEZIERS 34500, 4000L Semi-enterrée",Biodéchets,#fb7e12,ic_container_9,2025-05-05 15:38:10
0a5945df-0f81-4ca5-b49f-4dfc354e47bd,3.25064351783649,43.3401769774274,BÉZ-502-CS,BÉZ-502,"BÉZ-502 2 Rue du Commandant Denoix de Saint-Marc BEZIERS 34500, 4000L Semi-enterrée",Tri sélectif,#f0e53d,ic_container_9,2025-05-05 15:38:10
0a6f7b89-ab7f-405e-a0f5-d6b258fb2f26,3.21839134721916,43.3531722798269,BÉZ-476-V,BÉZ-476,"BÉZ-476 2 Cour de la Font Neuve BEZIERS 34500, 4000L Aérienne",Verre,#41a111,ic_container_ccsp_4,2025-05-05 15:38:10
0a88b636-c1f0-4896-a5d1-988f5118624a,3.22877550509096,43.3518888617819,BÉZ-424-T,BÉZ-424,"BÉZ-424 32 Rue Charles Bonnet BEZIERS 34500, 4000L Enterrée",Textile,#0e3056,ic_container_11,2025-05-05 15:38:10
0aa30753-0bd0-436a-b1ec-07c0e44ee838,3.29641792205762,43.2499278000566,VAL-6-OM,VAL-6,"VAL-6 27t Boulevard Jean Dauga VALRAS PLAGE 34350, 4000L Semi-enterrée",Déchets ménagers,#767678,ic_container_9,2025-05-20 14:34:47
0aacc702-bfd6-45e7-8b68-43e74cec8dc2,3.2257099440315,43.3480810690595,BÉZ-540-T,BÉZ-540,"BÉZ-540 34 Rue Vercingétorix BEZIERS 34500, 4000L Aérienne",Textile,#0e3056,ic_container_ccsp_4,2025-05-05 15:38:10
0aaf675f-1c11-447d-a2bf-3f1b02cc0271,3.24969177296916,43.3429696029881,BÉZ-499-OM,BÉZ-499,"BÉZ-499 Place Mère Teresa BEZIERS 34500, 4000L Enterrée",Déchets ménagers,#767678,ic_container_11,2025-05-05 15:38:10
0aedd583-fe97-41ca-b1bd-bbe2431d6c25,3.21627288421921,43.3473076199503,BÉZ-363-T2,BÉZ-363,"BÉZ-363 65 Avenue Maréchal Foch BEZIERS 34500, 4000L Aérienne",Textile,#0e3056,ic_container_ccsp_4,2025-05-05 15:38:10
0b19d1a4-265b-4a0c-8da9-bb75f8c94c4f,3.21574186306729,43.3358591118627,BÉZ-257-OM2,BÉZ-257,"BÉZ-257 43 Espace Pierre Brousse BEZIERS 34500, 4000L Enterrée",Déchets ménagers,#767678,ic_container_11,2025-05-05 15:38:10
0b9ad9d6-d909-4562-9a38-4bdb2d648af0,3.27937710063919,43.2819344836623,SÉR-10-T,SÉR-10,"SÉR-10 17 Boulevard Voltaire SERIGNAN 34410, 4000L Enterrée",Textile,#0e3056,ic_container_11,2025-05-05 15:38:10
0bba7d3a-990d-40cf-bc8f-fea6c7378759,3.20385632246635,43.3675674326731,BÉZ-142-T,BÉZ-142,"BÉZ-142 1660 Chemin Rural 2 de Béziers à Saint Geniès BEZIERS 34500, 4000L Enterrée",Textile,#0e3056,ic_container_11,2025-05-05 15:38:10
0be4bd58-e1e5-40c4-952a-5e31088500bf,3.29369451844806,43.2517489993589,VAL-8-T,VAL-8,"VAL-8 27 Rue Raymond Crouzat VALRAS PLAGE 34350, 4000L Aérienne",Textile,#0e3056,ic_container_ccsp_4,2025-05-05 15:38:10
0c126635-4651-4600-81f4-1a42ff3bec65,3.2651208660337,43.2469054618485,SÉR-37-CS2,SÉR-37,"SÉR-37 1 Avenue des Pattes Rouges SERIGNAN 34410, 4000L Enterrée",Tri sélectif,#f0e53d,ic_container_11,2025-05-05 15:38:10
0c3b5c38-a9e4-4a1b-b29b-5d4db5473a46,3.214781053778,43.3539335556163,BÉZ-480-CS2,BÉZ-480,"BÉZ-480 21 Rue des Chasselas BEZIERS 34500, 4000L Semi-enterrée",Tri sélectif,#f0e53d,ic_container_9,2025-05-05 15:38:10
0c4cea27-c1ce-479f-b42f-ee21505e9b6f,3.22019570309826,43.3470603593496,BÉZ-315-V,BÉZ-315,"BÉZ-315 41 Avenue Jean Moulin BEZIERS 34500, 4000L Semi-enterrée",Verre,#41a111,ic_container_9,2025-05-05 15:38:10
0c5d8fb7-e660-4892-82b6-b2e61665b809,3.2362062255283,43.354288083298,BÉZ-433-OM2,BÉZ-433,"BÉZ-433 106 Avenue Jean Moulin BEZIERS 34500, 4000L Enterrée",Déchets ménagers,#767678,ic_container_11,2025-05-05 15:38:10
0d04a41a-9cba-4895-ab2f-fe78dec45cb2,3.21977818437815,43.3365141198066,BÉZ-119-CS,BÉZ-119,"BÉZ-119 23 Boulevard de Verdun BEZIERS 34500, 4000L Aérienne",Tri sélectif,#f0e53d,ic_container_ccsp_4,2025-05-05 15:38:10
0d491d86-7eb4-497a-9b3a-ae0602920d05,3.20935992725992,43.3640063813275,BÉZ-162-V,BÉZ-162,"BÉZ-162 425 Rue Alain Colas BEZIERS 34500, 4000L Enterrée",Verre,#41a111,ic_container_11,2025-05-05 15:38:10
0d4ff576-41ec-463c-b7b5-aa947574c170,3.24584039236464,43.3555989613496,BÉZ-206-OM,BÉZ-206,"BÉZ-206 21 Boulevard Général Koenig BEZIERS 34500, 4000L Enterrée",Déchets ménagers,#767678,ic_container_11,2025-05-05 15:38:10
0d54c504-4183-46d3-8ad0-f48f4a7b525d,3.21916014174379,43.3563959190461,BÉZ-337-T,BÉZ-337,"BÉZ-337 42 Rue du Père Pierre BEZIERS 34500, 4000L Aérienne",Textile,#0e3056,ic_container_ccsp_4,2025-05-05 15:38:10
0d90d2aa-86d6-4a44-bc27-b603eaeb9f9b,3.22800301124095,43.3388190165345,BÉZ-519-OM,BÉZ-519,"BÉZ-519 53 Boulevard de Genève BEZIERS 34500, 4000L Enterrée",Déchets ménagers,#767678,ic_container_11,2025-05-05 15:38:10
0da4f008-992a-4272-a66a-0178f56990bb,3.22950944596779,43.3351948732475,BÉZ-381-CS,BÉZ-381,"BÉZ-381 15 Rue Maréchal Thomas Bugeaud BEZIERS 34500, 4000L Aérienne",Tri sélectif,#f0e53d,ic_container_ccsp_4,2025-05-05 15:38:10
0dfd61ef-448d-4ded-bdb3-4094ee23bff9,3.26696688912923,43.2927301740317,SAU-5-OM,SAU-5,"SAU-5 41 Avenue Paul Vidal SAUVIAN 34410, 4000L Enterrée",Déchets ménagers,#767678,ic_container_11,2025-05-20 14:35:58
0dff8c06-1f3f-4fe3-bc4d-942ecc3b0465,3.23799451975501,43.3624398748029,BÉZ-400-CS,BÉZ-400,"BÉZ-400 18 Allée Gabriel Lippman BEZIERS 34500, 4000L Enterrée",Tri sélectif,#f0e53d,ic_container_11,2025-05-05 15:38:10
0e07a682-216a-4c81-834c-2cfcf5569f3c,3.27249694305386,43.338062443899,BÉZ-268-CS,BÉZ-268,"BÉZ-268 98 Rue Dionysos BEZIERS 34500, 4000L Enterrée",Tri sélectif,#f0e53d,ic_container_11,2025-05-05 15:38:10
0e1c0037-e87d-43b5-a8b2-3de6e6bb7b68,3.28940362556462,43.2478348812888,VAL-40-V,VAL-40,"VAL-40 15 Rue Louis Lafferre VALRAS PLAGE 34350, 4000L Semi-enterrée",Verre,#41a111,ic_container_9,2025-05-05 15:38:10
0e3bd043-6653-4e36-b088-6eb0f51067df,3.25861066663192,43.3311606167307,BÉZ-249-CS,BÉZ-249,"BÉZ-249 Europole Jean Monnet BEZIERS 34500, 4000L Aérienne",Tri sélectif,#f0e53d,ic_container_ccsp_4,2025-05-05 15:38:10
0e43a809-5e0b-4146-8a5d-1af3c58b6aaa,3.28260208606296,43.281875149805,SÉR-16-OM,SÉR-16,"SÉR-16 29 Rue du 11 Novembre 1918 SERIGNAN 34410, 4000L Semi-enterrée",Déchets ménagers,#767678,ic_container_9,2025-05-20 14:35:28
0e47d163-cc9f-403c-a56a-5c3026039046,3.22651079550177,43.3548819208327,BÉZ-353-OM2,BÉZ-353,"BÉZ-353 2 Rue Albert Gleizes BEZIERS 34500, 4000L Aérienne",Déchets ménagers,#767678,ic_container_ccsp_4,2025-05-05 15:38:10
0e859145-a98d-4f7d-ba0b-3bef59143df4,3.21758132740089,43.359092663055,BÉZ-339-T,BÉZ-339,"BÉZ-339 501 Rue des Dunes BEZIERS 34500, 4000L Semi-enterrée",Textile,#0e3056,ic_container_9,2025-05-05 15:38:10
0eab627e-b3c6-4a6a-9626-250ff96017c0,3.27249694305386,43.338062443899,BÉZ-268-T,BÉZ-268,"BÉZ-268 98 Rue Dionysos BEZIERS 34500, 4000L Semi-enterrée",Textile,#0e3056,ic_container_9,2025-05-05 15:38:10
0ebf6e83-9952-4315-b869-a12e433720e7,3.27067300920268,43.276447498304,SÉR-34-V,SÉR-34,"SÉR-34 2 Impasse des Hybrides SERIGNAN 34410, 4000L Semi-enterrée",Verre,#41a111,ic_container_9,2025-05-05 15:38:10
0eeca5c2-3ecc-4f1a-a1eb-344e1b3d2ce4,3.3307123095673,43.2696269385239,SÉR-32-V2,SÉR-32,"SÉR-32 Orpellières Hautes SERIGNAN 34410, 4000L Aérienne",Verre,#41a111,ic_container_ccsp_4,2025-05-05 15:38:10
0f196495-e93b-444e-a50a-12b3f5cff746,3.25583893173231,43.3344899033187,BÉZ-29-Bio,BÉZ-29,"BÉZ-29 Passerelle Georgette Bousquet BEZIERS 34500, 4000L Aérienne",Biodéchets,#fb7e12,ic_container_ccsp_4,2025-05-05 15:38:10
0f52050f-8666-4f8b-97b6-49047f7cf258,3.2093175104533,43.3505695496529,BÉZ-4-CS,BÉZ-4,"BÉZ-4 40 Rue du Rossignol BEZIERS 34500, 4000L Enterrée",Tri sélectif,#f0e53d,ic_container_11,2025-05-05 15:38:10
0f693f3b-060c-4512-b086-0842014a649f,3.21123224397992,43.3496258746256,BÉZ-307-T,BÉZ-307,"BÉZ-307 Rond-point Mireille Bessière BEZIERS 34500, 4000L Aérienne",Textile,#0e3056,ic_container_ccsp_4,2025-05-05 15:38:10
0f77aae5-321a-4587-9db9-a28a173b78af,3.25647653367644,43.3414727481123,BÉZ-8-V,BÉZ-8,"BÉZ-8 1 Rue du Professeur Louis Serre BEZIERS 34500, 4000L Enterrée",Verre,#41a111,ic_container_11,2025-05-05 15:38:10
0f8380f7-676b-4667-8e2b-8605fe4bf45f,3.29238574955853,43.2521655445583,VAL-11-V2,VAL-11,"VAL-11 24 Rue Edouard Herriot VALRAS PLAGE 34350, 4000L Aérienne",Verre,#41a111,ic_container_ccsp_4,2025-05-05 15:38:10
0fabafef-2aef-46f4-aecc-29aa3d7789b2,3.25782008825193,43.3416651982534,BÉZ-175-OM,BÉZ-175,"BÉZ-175 8 Rue d'Omaha Beach BEZIERS 34500, 4000L Aérienne",Déchets ménagers,#767678,ic_container_ccsp_4,2025-05-05 15:38:10
0fffe6f7-973a-4b93-a747-ba0b28c60b5d,3.2176166968749,43.3558192800078,BÉZ-41-T,BÉZ-41,"BÉZ-41 31 Rue des Vendanges BEZIERS 34500, 4000L Aérienne",Textile,#0e3056,ic_container_ccsp_4,2025-05-05 15:38:10
1009994d-8fff-485a-b612-5aee4fd5eb3d,3.27269567247584,43.2398058644487,SÉR-27-V,SÉR-27,"SÉR-27 7 Impasse de la Sansouire SERIGNAN 34410, 4000L Semi-enterrée",Verre,#41a111,ic_container_9,2025-05-05 15:38:10
1012f714-2f0c-4cc3-bd45-6e373fd4932c,3.21245289774229,43.3429862611824,BÉZ-184-T,BÉZ-184,"BÉZ-184 Rue Pierre Flourens BEZIERS 34500, 4000L Semi-enterrée",Textile,#0e3056,ic_container_9,2025-05-05 15:38:10
103cb3a9-4ade-4e25-9304-f0c7b9ec418f,3.24053623773458,43.3532603288199,BÉZ-123-T2,BÉZ-123,"BÉZ-123 38 Rue Alfred Cortot BEZIERS 34500, 4000L Semi-enterrée",Textile,#0e3056,ic_container_9,2025-05-05 15:38:10
10a0a2b1-d650-4504-9d52-1331b6a27cc5,3.27566844239355,43.2396643140812,VAL-24-OM,VAL-24,"VAL-24 9bis Cami Founjut VALRAS PLAGE 34350, 4000L Aérienne",Déchets ménagers,#767678,ic_container_ccsp_4,2025-05-05 15:38:10
10fb90cb-6b2c-44f2-9308-9d565a3f043f,3.25188875037823,43.3339546930343,BÉZ-19-V,BÉZ-19,"BÉZ-19 26 Esplanade Rosa Parks BEZIERS 34500, 4000L Semi-enterrée",Verre,#41a111,ic_container_9,2025-05-05 15:38:10
11076049-9ab0-4fcc-9a4a-97a398514e34,3.28641763060935,43.2457237957159,VAL-44-OM,VAL-44,"VAL-44 2bis Rue de la Manade VALRAS PLAGE 34350, 4000L Enterrée",Déchets ménagers,#767678,ic_container_11,2025-05-20 09:00:36
111ec6d4-f1c9-4b0f-a065-52ac678c1a65,3.27138493383108,43.2720946871826,SÉR-43-OM,SÉR-43,"SÉR-43 19 Boulevard du General de Gaulle SERIGNAN 34410, 4000L Enterrée",Déchets ménagers,#767678,ic_container_11,2025-05-20 12:41:42
112a32ab-e14a-40ed-b5cd-5382e3729ad0,3.27120042831846,43.3217011460148,VIL-27-V,VIL-27,"VIL-27 50 Avenue Pierre Bérégovoy VILLENEUVE LES BEZIERS 34420, 4000L Semi-enterrée",Verre,#41a111,ic_container_9,2025-05-05 15:38:10
11584545-64cd-4b94-bf69-2206c6f243a5,3.22780272544629,43.3570671378114,BÉZ-393-V2,BÉZ-393,"BÉZ-393 1 Impasse René Truel BEZIERS 34500, 4000L Aérienne",Verre,#41a111,ic_container_ccsp_4,2025-05-05 15:38:10
115aff79-c4a8-48a2-9464-ca5f5b55108a,3.24804707194361,43.3518940310709,BÉZ-331-OM,BÉZ-331,"BÉZ-331 239 Rue Fernand Arvieu BEZIERS 34500, 4000L Semi-enterrée",Déchets ménagers,#767678,ic_container_9,2025-05-05 15:38:10
115eb5ea-661d-4406-9453-c45914728118,3.28051999566342,43.2844823366555,SÉR-20-CS,SÉR-20,"SÉR-20 Chemin de la Barque SERIGNAN 34410, 4000L Aérienne",Tri sélectif,#f0e53d,ic_container_ccsp_4,2025-05-05 15:38:10
116c98b3-d7a1-4b07-824c-d70b1ee8cc33,3.24525717334176,43.3532043072289,BÉZ-274-CS2,BÉZ-274,"BÉZ-274 36 Avenue de Badones BEZIERS 34500, 4000L Semi-enterrée",Tri sélectif,#f0e53d,ic_container_9,2025-05-05 15:38:10
1189264a-b05f-4e39-a5d1-7c40914b8a3e,3.22415162143249,43.3535292867631,BÉZ-346-OM,BÉZ-346,"BÉZ-346 29 Rue de Jussieu BEZIERS 34500, 4000L Enterrée",Déchets ménagers,#767678,ic_container_11,2025-05-05 15:38:10
11ebc3e7-9d5e-4925-ae20-2d88040fe0de,3.28952714611282,43.3283466842885,VIL-3-T,VIL-3,"VIL-3 18 Avenue des Colombes VILLENEUVE LES BEZIERS 34420, 4000L Enterrée",Textile,#0e3056,ic_container_11,2025-05-05 15:38:10
123995dd-d2f0-4c4e-98d2-9b7707cb825a,3.25810624046996,43.3374864746085,BÉZ-104-V,BÉZ-104,"BÉZ-104 19 Rue de Bastit BEZIERS 34500, 4000L Aérienne",Verre,#41a111,ic_container_ccsp_4,2025-05-05 15:38:10
123aacee-2fad-4667-a6a2-49bef5cb9a5e,3.23020709434826,43.3649110598003,BÉZ-461-V,BÉZ-461,"BÉZ-461 501 Rue Jean Despeaux BEZIERS 34500, 4000L Semi-enterrée",Verre,#41a111,ic_container_9,2025-05-05 15:38:10
12a3cdba-d1e8-484b-86d0-b6a576aa8aa8,3.29601498535288,43.2513074026069,VAL-5-OM2,VAL-5,"VAL-5 6 Rue du Docteur Blanchon VALRAS PLAGE 34350, 4000L Semi-enterrée",Déchets ménagers,#767678,ic_container_9,2025-05-20 14:34:57
12b0cbbf-9e69-4fe3-929a-c87e38f8357d,3.23214572469323,43.3413178990224,BÉZ-415-T,BÉZ-415,"BÉZ-415 39 Avenue Jean Constans BEZIERS 34500, 4000L Enterrée",Textile,#0e3056,ic_container_11,2025-05-05 15:38:10
12dc1965-4ee5-4109-8764-bfab505f116e,3.25114556293627,43.2904638021388,SAU-25-CS,SAU-25,"SAU-25 44 Rue des Tulipes SAUVIAN 34410, 4000L Enterrée",Tri sélectif,#f0e53d,ic_container_11,2025-05-05 15:38:10
1308f8ba-c910-4c94-8285-99b12acc0e50,3.20369423639884,43.3584131863684,BÉZ-9-OM,BÉZ-9,"BÉZ-9 2 Rue des Cévennes BEZIERS 34500, 4000L Semi-enterrée",Déchets ménagers,#767678,ic_container_9,2025-05-05 15:38:10
13133f7b-585e-4f9f-8f94-2cb8193506bb,3.21935040834557,43.3661636435672,BÉZ-471-V,BÉZ-471,"BÉZ-471 904 Ancienne Route de Bédarieux BEZIERS 34500, 4000L Semi-enterrée",Verre,#41a111,ic_container_9,2025-05-05 15:38:10
1321d772-cad9-43a7-aaa9-69e1970209d9,3.29333258256806,43.2474268083782,VAL-29-V,VAL-29,"VAL-29 4 Rue Enseigne Vaisseau Chauliac VALRAS PLAGE 34350, 4000L Enterrée",Verre,#41a111,ic_container_11,2025-05-05 15:38:10
1370414f-3528-4e0c-860e-66466adb2cc7,3.24007097549853,43.3421664800735,BÉZ-489-T,BÉZ-489,"BÉZ-489 Avenue Pierre Villon BEZIERS 34500, 4000L Enterrée",Textile,#0e3056,ic_container_11,2025-05-05 15:38:10
13992118-952e-4d92-a363-d0960abfa145,3.25734694174049,43.3299241350283,BÉZ-532-V,BÉZ-532,"BÉZ-532 3 Rue André Blondel BEZIERS 34500, 4000L Semi-enterrée",Verre,#41a111,ic_container_9,2025-05-05 15:38:10
139c7963-cf06-4a02-a910-985cef5e6347,3.22375665000181,43.3311039382027,BÉZ-281-V2,BÉZ-281,"BÉZ-281 70 Avenue Fernand Sastre BEZIERS 34500, 4000L Aérienne",Verre,#41a111,ic_container_ccsp_4,2025-05-05 15:38:10
139dd763-70f6-4998-b9fd-dcd2a4c2fddc,3.23332740474892,43.3553692739618,BÉZ-71-CS2,BÉZ-71,"BÉZ-71 1 Rue de la Provence BEZIERS 34500, 4000L Semi-enterrée",Tri sélectif,#f0e53d,ic_container_9,2025-05-05 15:38:10
13f14a54-0062-43aa-a093-6a723974775d,3.23497123590422,43.3340651333048,BÉZ-46-T,BÉZ-46,"BÉZ-46 5 Rue Henri Bergson BEZIERS 34500, 4000L Semi-enterrée",Textile,#0e3056,ic_container_9,2025-05-05 15:38:10
143c7e61-6b8c-4231-ac39-678a697c0340,3.21595993160498,43.3607746357427,BÉZ-340-OM,BÉZ-340,"BÉZ-340 231 Rue des Dunes BEZIERS 34500, 4000L Enterrée",Déchets ménagers,#767678,ic_container_11,2025-05-05 15:38:10
1448ed15-cdb5-4b37-8f38-b4fcdce651cb,3.25077510178584,43.3325921445788,BÉZ-54-V,BÉZ-54,"BÉZ-54 105 Rue Maurice Béjart BEZIERS 34500, 4000L Aérienne",Verre,#41a111,ic_container_ccsp_4,2025-05-05 15:38:10
14921927-cda7-4f4f-9b97-4b49f8c9d8a8,3.23617043262075,43.3604401632358,BÉZ-460-Bio,BÉZ-460,"BÉZ-460 185 Rue Auguste Renoir BEZIERS 34500, 4000L Aérienne",Biodéchets,#fb7e12,ic_container_ccsp_4,2025-05-05 15:38:10
14ab2f41-ea37-4d80-be43-ccf1ab309105,3.23854987224553,43.3540686806589,BÉZ-407-CS,BÉZ-407,"BÉZ-407 8 Rue de l'Auvergne BEZIERS 34500, 4000L Enterrée",Tri sélectif,#f0e53d,ic_container_11,2025-05-05 15:38:10
14c89266-77ac-469b-a276-7462c28a889b,3.23623084372366,43.3539256451511,BÉZ-284-V,BÉZ-284,"BÉZ-284 16 Rue du Comtat Venaissin BEZIERS 34500, 4000L Enterrée",Verre,#41a111,ic_container_11,2025-05-05 15:38:10
14d66f47-60e1-4cf7-9417-80be1dbf08d7,3.23850916565962,43.3502763527213,BÉZ-65-OM,BÉZ-65,"BÉZ-65 2 Rue Joseph Roumanille BEZIERS 34500, 4000L Aérienne",Déchets ménagers,#767678,ic_container_ccsp_4,2025-05-05 15:38:10
14fa5a78-496b-450c-8c6c-dd46d2feb1fa,3.28303513547314,43.3205396691517,VIL-30-CS,VIL-30,"VIL-30 15 Avenue de la Gare VILLENEUVE LES BEZIERS 34420, 4000L Semi-enterrée",Tri sélectif,#f0e53d,ic_container_9,2025-05-05 15:38:10
1508c67f-ad88-4384-8b80-6fa1995e60c7,3.24019624645794,43.3509597955295,BÉZ-320-OM,BÉZ-320,"BÉZ-320 5 Avenue de Badones BEZIERS 34500, 4000L Semi-enterrée",Déchets ménagers,#767678,ic_container_9,2025-05-05 15:38:10
154730ea-3a73-4368-aa4b-27c8cdf81b40,3.28185332730148,43.2433163429673,VAL-33-OM,VAL-33,"VAL-33 109 Avenue du Casino VALRAS PLAGE 34350, 4000L Enterrée",Déchets ménagers,#767678,ic_container_11,2025-05-20 13:21:50
15c7ae63-01c0-4126-947c-3d11b3c19737,3.25301216455742,43.293586576522,SAU-16-CS,SAU-16,"SAU-16 19 Rue de la Lesse SAUVIAN 34410, 4000L Semi-enterrée",Tri sélectif,#f0e53d,ic_container_9,2025-05-05 15:38:10
1616cfd2-67c0-4fbc-84a2-3c600e6636a7,3.1825696046702,43.3383061871307,BÉZ-147-CS,BÉZ-147,"BÉZ-147 52 Rue Raymond de Péreille BEZIERS 34500, 4000L Aérienne",Tri sélectif,#f0e53d,ic_container_ccsp_4,2025-05-05 15:38:10
165eb78d-af6f-47dd-823e-37345a841d8b,3.24044605850309,43.3593606945588,BÉZ-395-V,BÉZ-395,"BÉZ-395 10 Rue de Durfort BEZIERS 34500, 4000L Enterrée",Verre,#41a111,ic_container_11,2025-05-05 15:38:10
167cd758-ffc5-41df-915e-3f6f38944c95,3.22898641310871,43.3545109084419,BÉZ-293-CS3,BÉZ-293,"BÉZ-293 13 Avenue du Docteur Jean Marie Fabre BEZIERS 34500, 4000L Enterrée",Tri sélectif,#f0e53d,ic_container_11,2025-05-05 15:38:10
16caaff2-d862-4145-b6c2-a526b83e3b98,3.2161992364151,43.3562970011988,BÉZ-478-V,BÉZ-478,"BÉZ-478 47 Rue de la Renardière BEZIERS 34500, 4000L Enterrée",Verre,#41a111,ic_container_11,2025-05-05 15:38:10
16f660a2-1001-4a07-baf2-1a840b1626a7,3.33509192415955,43.2672646893374,SÉR-23-CS2,SÉR-23,"SÉR-23 La Séoune et la Maire SERIGNAN 34410, 4000L Aérienne",Tri sélectif,#f0e53d,ic_container_ccsp_4,2025-05-05 15:38:10
172bcc80-dd29-4f81-ad15-c4a28a9422fa,3.28952714611282,43.3283466842885,VIL-3-CS,VIL-3,"VIL-3 18 Avenue des Colombes VILLENEUVE LES BEZIERS 34420, 4000L Semi-enterrée",Tri sélectif,#f0e53d,ic_container_9,2025-05-05 15:38:10
17329cfc-00b8-4889-b4ef-4385277e0992,3.22919231929829,43.3466085855393,BÉZ-541-CS2,BÉZ-541,"BÉZ-541 46 Avenue Enseigne Albertini BEZIERS 34500, 4000L Semi-enterrée",Tri sélectif,#f0e53d,ic_container_9,2025-05-05 15:38:10
173ab5f2-3f7b-4d24-9ec8-076262bf4bde,3.22997417914225,43.3361183188635,BÉZ-543-Bio,BÉZ-543,"BÉZ-543 21 Rue des Frères Lumière BEZIERS 34500, 4000L Semi-enterrée",Biodéchets,#fb7e12,ic_container_9,2025-05-05 15:38:10
174526d5-7fc9-4d15-aad5-17d0c0d53f93,3.28389847259507,43.3154890460764,VIL-13-V,VIL-13,"VIL-13 19 Rue Vernhes VILLENEUVE LES BEZIERS 34420, 4000L Enterrée",Verre,#41a111,ic_container_11,2025-05-05 15:38:10
1756822d-9905-401c-b457-e1d961a76403,3.27932506066963,43.3178482164118,VIL-10-T2,VIL-10,"VIL-10 20 Rue Léon Lagarde VILLENEUVE LES BEZIERS 34420, 4000L Aérienne",Textile,#0e3056,ic_container_ccsp_4,2025-05-05 15:38:10
1763daf6-642a-4e79-bbf9-9c135f31f2fa,3.21791283237961,43.3549628205457,BÉZ-479-OM,BÉZ-479,"BÉZ-479 1 Rue de la Cuve BEZIERS 34500, 4000L Semi-enterrée",Déchets ménagers,#767678,ic_container_9,2025-05-05 15:38:10
177db140-9e90-42c2-aae3-57594426b0a6,3.24814200096314,43.2990961452898,SAU-1-T,SAU-1,"SAU-1 17 Rue des Entrepreneurs SAUVIAN 34410, 4000L Aérienne",Textile,#0e3056,ic_container_ccsp_4,2025-05-13 16:00:51
1799fd69-7c5d-4165-9734-87c3608d4a1d,3.19367863523705,43.3200229871435,BÉZ-157-CS2,BÉZ-157,"BÉZ-157 520 Route Départementale 14 de Lespignan BEZIERS 34500, 4000L Semi-enterrée",Tri sélectif,#f0e53d,ic_container_9,2025-05-05 15:38:10
17b9a4ee-7547-40c9-9aa6-4f177dba2a47,3.23151401765826,43.3508518163012,BÉZ-73-OM,BÉZ-73,"BÉZ-73 5 Rue Ferdinand de Lesseps BEZIERS 34500, 4000L Semi-enterrée",Déchets ménagers,#767678,ic_container_9,2025-05-05 15:38:10
17df0868-bd37-4a51-8cdd-94c85c9a7bb4,3.24019624645794,43.3509597955295,BÉZ-320-CS,BÉZ-320,"BÉZ-320 5 Avenue de Badones BEZIERS 34500, 4000L Enterrée",Tri sélectif,#f0e53d,ic_container_11,2025-05-05 15:38:10
1826b7ac-f47b-41e2-b412-720e7604e210,3.27937710063919,43.2819344836623,SÉR-10-Bio,SÉR-10,"SÉR-10 17 Boulevard Voltaire SERIGNAN 34410, 4000L Aérienne",Biodéchets,#fb7e12,ic_container_ccsp_4,2025-05-05 15:38:10
183e3508-adca-4323-9e99-e0560a7913b7,3.21283338493256,43.3377020481259,BÉZ-434-V,BÉZ-434,"BÉZ-434 44 Avenue Colonel d'Ornano BEZIERS 34500, 4000L Aérienne",Verre,#41a111,ic_container_ccsp_4,2025-05-05 15:38:10
1846f32f-28c9-469d-9d45-f2054778215f,3.23524331364236,43.3517959730905,BÉZ-304-OM,BÉZ-304,"BÉZ-304 1 Square Docteur Joseph Senty BEZIERS 34500, 4000L Semi-enterrée",Déchets ménagers,#767678,ic_container_9,2025-05-05 15:38:10
187b113f-46ea-43d7-88d6-31e9cbdfb6d5,3.20041322329717,43.3311374243482,BÉZ-292-CS,BÉZ-292,"BÉZ-292 Rampe du Coche d'Eau BEZIERS 34500, 4000L Semi-enterrée",Tri sélectif,#f0e53d,ic_container_9,2025-05-05 15:38:10
18d19280-b1aa-4297-8652-f8bdbd271e71,3.25259730716476,43.3347711503926,BÉZ-32-OM2,BÉZ-32,"BÉZ-32 Rue Alban Véziers BEZIERS 34500, 4000L Enterrée",Déchets ménagers,#767678,ic_container_11,2025-05-05 15:38:10
190db5ce-0faf-415c-82d2-0f7d09e14196,3.25268970209835,43.3350910495579,BÉZ-61-OM2,BÉZ-61,"BÉZ-61 3 Square Lucien Gaudin BEZIERS 34500, 4000L Semi-enterrée",Déchets ménagers,#767678,ic_container_9,2025-05-05 15:38:10
190e2719-75e1-4d13-87f8-fa2eddb41853,3.23156499993855,43.3520366667552,BÉZ-316-Bio,BÉZ-316,"BÉZ-316 171 Avenue Jean Moulin BEZIERS 34500, 4000L Aérienne",Biodéchets,#fb7e12,ic_container_ccsp_4,2025-05-05 15:38:10
19191c49-4a0a-451d-830e-8e6df64c0dbe,3.25279518060708,43.3639805813341,BÉZ-458-OM,BÉZ-458,"BÉZ-458 491 Rue Suzanne Noël BEZIERS 34500, 4000L Semi-enterrée",Déchets ménagers,#767678,ic_container_9,2025-05-05 15:38:10
191e8133-cf60-4c81-a2a5-c362256ea9bd,3.21588822126945,43.3642178676261,BÉZ-40-V,BÉZ-40,"BÉZ-40 263 Rue des Lutins BEZIERS 34500, 4000L Semi-enterrée",Verre,#41a111,ic_container_9,2025-05-05 15:38:10
1958227c-ba2c-4fb6-a456-e82330ec88c7,3.2088126928613,43.3462612168805,BÉZ-168-CS2,BÉZ-168,"BÉZ-168 13 Boulevard du Four à Chaux BEZIERS 34500, 4000L Semi-enterrée",Tri sélectif,#f0e53d,ic_container_9,2025-05-05 15:38:10
19607122-8fca-4376-a8e9-3aa3887b1ed0,3.23788122344486,43.3472799017392,BÉZ-405-V,BÉZ-405,"BÉZ-405 9 Rue Commandant Raynal BEZIERS 34500, 4000L Semi-enterrée",Verre,#41a111,ic_container_9,2025-05-05 15:38:10
197bef59-d0cc-47a1-9d78-f3051837b905,3.2161992364151,43.3562970011988,BÉZ-478-CS,BÉZ-478,"BÉZ-478 47 Rue de la Renardière BEZIERS 34500, 4000L Semi-enterrée",Tri sélectif,#f0e53d,ic_container_9,2025-05-05 15:38:10
19859495-fd0a-4b92-936a-0902399383d2,3.27467055199255,43.2804836351566,SÉR-15-Bio,SÉR-15,"SÉR-15 114 Avenue Roger Audoux SERIGNAN 34410, 4000L Aérienne",Biodéchets,#fb7e12,ic_container_ccsp_4,2025-05-05 15:38:10
19872a53-1044-4e4d-bad8-ea5ad3971fbf,3.24985489942356,43.3378961297251,BÉZ-37-V,BÉZ-37,"BÉZ-37 50 Avenue de la Pléiade BEZIERS 34500, 4000L Semi-enterrée",Verre,#41a111,ic_container_9,2025-05-05 15:38:10
1998356f-a250-4d54-aa27-42544080f9a9,3.24506234448789,43.3317165708771,BÉZ-428-CS,BÉZ-428,"BÉZ-428 26 Rue du Thym BEZIERS 34500, 4000L Enterrée",Tri sélectif,#f0e53d,ic_container_11,2025-05-05 15:38:10
19a7e101-f9f2-4a4d-9fab-da859b9f1429,3.22333333347924,43.3455700001683,BÉZ-334-V,BÉZ-334,"BÉZ-334 2 Avenue Enseigne Albertini BEZIERS 34500, 4000L Semi-enterrée",Verre,#41a111,ic_container_9,2025-05-05 15:38:10
1a15749c-33cc-4ca6-b5f2-a3d294af9559,3.23182855324132,43.3445530679976,BÉZ-413-V2,BÉZ-413,"BÉZ-413 38 Avenue Pierre Verdier BEZIERS 34500, 4000L Semi-enterrée",Verre,#41a111,ic_container_9,2025-05-05 15:38:10
1a1eecf2-d6d7-496a-a2a5-7609b036db0b,3.22540869557323,43.365177197538,BÉZ-529-OM,BÉZ-529,"BÉZ-529 63 Rue Jean Despeaux BEZIERS 34500, 4000L Enterrée",Déchets ménagers,#767678,ic_container_11,2025-05-05 15:38:10
1a40aaf7-e50a-4278-9c4f-ef65e8cf0eaa,3.22487673757335,43.364169244136,BÉZ-151-OM,BÉZ-151,"BÉZ-151 1248 Boulevard Ernest Hemingway BEZIERS 34500, 4000L Enterrée",Déchets ménagers,#767678,ic_container_11,2025-05-05 15:38:10
1a59efd9-7be9-4970-a6f6-137d6844e0bd,3.24795516782495,43.2937525305245,SAU-31-CS2,SAU-31,"SAU-31 12 Avenue des Grands Parcs SAUVIAN 34410, 4000L Semi-enterrée",Tri sélectif,#f0e53d,ic_container_9,2025-05-05 15:38:10
1a713d7e-ff5d-4246-8b60-888426ae76fc,3.21542894572064,43.3445647653393,BÉZ-436-V,BÉZ-436,"BÉZ-436 4 Allées Paul Riquet BEZIERS 34500, 4000L Aérienne",Verre,#41a111,ic_container_ccsp_4,2025-05-05 15:38:10
1a7187c2-b4b9-4f21-90fd-80bddb18fee8,3.29238574955853,43.2521655445583,VAL-11-V,VAL-11,"VAL-11 24 Rue Edouard Herriot VALRAS PLAGE 34350, 4000L Aérienne",Verre,#41a111,ic_container_ccsp_4,2025-05-05 15:38:10
1a79233e-b392-4e07-bfa8-ebf1bc485d64,3.25860885601228,43.2899744855367,SAU-12-V,SAU-12,"SAU-12 27 Avenue du Onze Novembre 1918 SAUVIAN 34410, 4000L Aérienne",Verre,#41a111,ic_container_ccsp_4,2025-05-05 15:38:10
1a79b067-afe0-4503-aba8-3e7f24b6672d,3.23588132292969,43.3366213033535,BÉZ-420-OM,BÉZ-420,"BÉZ-420 82 Boulevard de Lattre de Tassigny BEZIERS 34500, 4000L Aérienne",Déchets ménagers,#767678,ic_container_ccsp_4,2025-05-05 15:38:10
1a91f231-bfc8-4af8-b1c1-610966023f1a,3.225326183132,43.3379124089712,BÉZ-190-CS,BÉZ-190,"BÉZ-190 15 Rue des Tuileries BEZIERS 34500, 4000L Enterrée",Tri sélectif,#f0e53d,ic_container_11,2025-05-05 15:38:10
1a9389a9-04b5-468f-b60c-9196d0d66580,3.24950139751143,43.3340115555099,BÉZ-21-CS3,BÉZ-21,"BÉZ-21 1 Rue Robert Guinot BEZIERS 34500, 4000L Semi-enterrée",Tri sélectif,#f0e53d,ic_container_9,2025-05-05 15:38:10
1a9e7ecd-844d-41b0-ba08-eb8681c2b107,3.26644849016012,43.2867019896531,SAU-24-CS,SAU-24,"SAU-24 4 Rue du Cabernet SAUVIAN 34410, 4000L Enterrée",Tri sélectif,#f0e53d,ic_container_11,2025-05-05 15:38:10
1aa3e386-920e-4adc-b3ef-a85e54d33b54,3.24679339432262,43.3590538430536,BÉZ-521-V,BÉZ-521,"BÉZ-521 87 Rue de la Crouzette BEZIERS 34500, 4000L Semi-enterrée",Verre,#41a111,ic_container_9,2025-05-05 15:38:10
1ab884f7-a61d-4375-b943-26fcf27efa02,3.22250246349887,43.3615065184717,BÉZ-368-Bio2,BÉZ-368,"BÉZ-368 30 Rue Henri Becquerel BEZIERS 34500, 4000L Enterrée",Biodéchets,#fb7e12,ic_container_11,2025-05-05 15:38:10
1abec7fe-0c6d-4788-8820-f09bdc195bec,3.33300436506913,43.2689125697481,SÉR-4-OM2,SÉR-4,"SÉR-4 20 Orpellières Basses SERIGNAN 34410, 4000L Aérienne",Déchets ménagers,#767678,ic_container_ccsp_4,2025-05-20 13:23:02
1ac75d83-9fc5-479f-813c-8f84789884c5,3.25251820141824,43.3336752059127,BÉZ-18-CS2,BÉZ-18,"BÉZ-18 Square Marcel Cerdan BEZIERS 34500, 4000L Enterrée",Tri sélectif,#f0e53d,ic_container_11,2025-05-05 15:38:10
1b3cc892-74bb-441d-8c11-ea3ec716db0d,3.24829532213788,43.2879352940273,SAU-19-OM2,SAU-19,"SAU-19 116 Avenue des Grands Parcs SAUVIAN 34410, 4000L Semi-enterrée",Déchets ménagers,#767678,ic_container_9,2025-05-20 13:20:18
1b5c4b49-4b8e-47f7-9a9c-2d00387bd37d,3.25860885601228,43.2899744855367,SAU-12-OM,SAU-12,"SAU-12 27 Avenue du Onze Novembre 1918 SAUVIAN 34410, 4000L Enterrée",Déchets ménagers,#767678,ic_container_11,2025-05-20 09:29:54
1b6b05ee-7983-4eb1-bbdd-f4d2d8a522d3,3.22803344785306,43.330841357314,BÉZ-219-V2,BÉZ-219,"BÉZ-219 420 Avenue Fernand Sastre BEZIERS 34500, 4000L Semi-enterrée",Verre,#41a111,ic_container_9,2025-05-05 15:38:10
1b9bcf9a-b1c0-44d6-867b-77a6fbc095b8,3.2863223556719,43.3299725040991,VIL-18-V,VIL-18,"VIL-18 Rond-point de la Montagnette VILLENEUVE LES BEZIERS 34420, 4000L Aérienne",Verre,#41a111,ic_container_ccsp_4,2025-05-05 15:38:10
1bab81fc-3f9f-4ed1-8873-c510a163514c,3.21007309090674,43.3523789654456,BÉZ-231-OM,BÉZ-231,"BÉZ-231 16 Rue de Saint-Geniès BEZIERS 34500, 4000L Semi-enterrée",Déchets ménagers,#767678,ic_container_9,2025-05-05 15:38:10
1bcf52da-abd1-4b68-bb3f-edc6923d81ec,3.25647653367644,43.3414727481123,BÉZ-8-T2,BÉZ-8,"BÉZ-8 1 Rue du Professeur Louis Serre BEZIERS 34500, 4000L Semi-enterrée",Textile,#0e3056,ic_container_9,2025-05-05 15:38:10
1c072e4c-1716-44e8-9261-0d2df05d63f7,3.24724351455676,43.3334359175584,BÉZ-25-CS,BÉZ-25,"BÉZ-25 11 Rue d'Oran BEZIERS 34500, 4000L Aérienne",Tri sélectif,#f0e53d,ic_container_ccsp_4,2025-05-05 15:38:10
1c170475-f418-4c4b-89bd-5faa2e30b494,3.18379723009308,43.3422708398349,BÉZ-177-CS,BÉZ-177,"BÉZ-177 501 Rue des Réformés BEZIERS 34500, 4000L Enterrée",Tri sélectif,#f0e53d,ic_container_11,2025-05-05 15:38:10
1c1e3c91-ffb5-44ec-ac29-908ad8aba431,3.28213494296464,43.3598635215949,BÉZ-201-V2,BÉZ-201,"BÉZ-201 414 Chemin Rural 59 de Saint Jean de Libron à Béziers BEZIERS 34500, 4000L Aérienne",Verre,#41a111,ic_container_ccsp_4,2025-12-02 09:22:42
1c26060b-13b3-4891-a797-995cba4a800b,3.22864021727554,43.3582746300414,BÉZ-394-CS,BÉZ-394,"BÉZ-394 2 Rue Maurice Utrillo BEZIERS 34500, 4000L Aérienne",Tri sélectif,#f0e53d,ic_container_ccsp_4,2025-05-05 15:38:10
1c2937a6-0fb3-45ab-b87c-b4344a79fc40,3.20626506702064,43.3552876872217,BÉZ-129-Bio,BÉZ-129,"BÉZ-129 43 Avenue du Pech de la Galinière BEZIERS 34500, 4000L Semi-enterrée",Biodéchets,#fb7e12,ic_container_9,2025-05-05 15:38:10
1c3635ea-e87d-425a-8eb8-55b6aa7b1c43,3.25080342252938,43.3340235637083,BÉZ-20-OM,BÉZ-20,"BÉZ-20 25 Esplanade Rosa Parks BEZIERS 34500, 4000L Aérienne",Déchets ménagers,#767678,ic_container_ccsp_4,2025-05-05 15:38:10
1c3d471e-3937-4bcd-8314-d4df9177768b,3.20417967778167,43.3340141591042,BÉZ-466-OM2,BÉZ-466,"BÉZ-466 29 Rue des Ecluses BEZIERS 34500, 4000L Semi-enterrée",Déchets ménagers,#767678,ic_container_9,2025-05-05 15:38:10
1c3d9828-9b23-487b-a2e1-38d2b5e158bd,3.21977818437815,43.3365141198066,BÉZ-119-T,BÉZ-119,"BÉZ-119 23 Boulevard de Verdun BEZIERS 34500, 4000L Aérienne",Textile,#0e3056,ic_container_ccsp_4,2025-05-05 15:38:10
1c739139-5f81-442e-9c66-dd02da568751,3.28641763060935,43.2457237957159,VAL-44-V,VAL-44,"VAL-44 2bis Rue de la Manade VALRAS PLAGE 34350, 4000L Aérienne",Verre,#41a111,ic_container_ccsp_4,2025-05-05 15:38:10
1c8ffa64-6514-437d-acb7-e3ae7ffe4d4b,3.23329179054467,43.3611513570031,BÉZ-252-Bio2,BÉZ-252,"BÉZ-252 42 Rue Jean François Millet BEZIERS 34500, 4000L Semi-enterrée",Biodéchets,#fb7e12,ic_container_9,2025-05-05 15:38:10
1caed96d-6e23-456c-81e9-212764a5a076,3.25319246940279,43.3322628381947,BÉZ-55-OM,BÉZ-55,"BÉZ-55 Rue des Christols BEZIERS 34500, 4000L Enterrée",Déchets ménagers,#767678,ic_container_11,2025-05-05 15:38:10
1d2f3739-5d44-40cc-a330-66b7ae7f30bc,3.24165049986883,43.3467230370344,BÉZ-90-OM,BÉZ-90,"BÉZ-90 17 Avenue de la Voie Domitienne BEZIERS 34500, 4000L Aérienne",Déchets ménagers,#767678,ic_container_ccsp_4,2025-05-05 15:38:10
1d3c7ee1-92af-458b-b782-396a15da0c7a,3.21758132740089,43.359092663055,BÉZ-339-V,BÉZ-339,"BÉZ-339 501 Rue des Dunes BEZIERS 34500, 4000L Aérienne",Verre,#41a111,ic_container_ccsp_4,2025-05-05 15:38:10
1d505152-1701-485d-b002-36c176c51153,3.20651486231783,43.3235937481406,BÉZ-323-V,BÉZ-323,"BÉZ-323 1543 Chemin Rural 156 de Bayssan à Béziers BEZIERS 34500, 4000L Enterrée",Verre,#41a111,ic_container_11,2025-05-05 15:38:10
1d96827b-5b3c-4dcf-9677-60e9abc638a1,3.21524612834844,43.3573572361612,BÉZ-343-Bio,BÉZ-343,"BÉZ-343 10 Rue de l'Aramon BEZIERS 34500, 4000L Semi-enterrée",Biodéchets,#fb7e12,ic_container_9,2025-05-05 15:38:10
1dd4083d-ce49-4d6b-864f-09f3b7ec2eee,3.1827721720383,43.3355273432212,BÉZ-463-CS,BÉZ-463,"BÉZ-463 282 Rue Antonio Machado BEZIERS 34500, 4000L Aérienne",Tri sélectif,#f0e53d,ic_container_ccsp_4,2025-05-05 15:38:10
1dee983d-4983-402d-bfcc-4f1e126bd665,3.2540523431183,43.3347936742947,BÉZ-56-V,BÉZ-56,"BÉZ-56 4 Rue Mathilde Bellaud Dessalles BEZIERS 34500, 4000L Enterrée",Verre,#41a111,ic_container_11,2025-05-05 15:38:10
1e1056dc-def6-4204-825e-630aa6b0e470,3.28818083357033,43.2535778129281,VAL-2-OM,VAL-2,"VAL-2 1 Rue du 18 Fevrier 1931 VALRAS PLAGE 34350, 4000L Aérienne",Déchets ménagers,#767678,ic_container_ccsp_4,2025-05-20 09:59:52
1e28e475-62b2-4b04-82e0-dc604ece2216,3.13145414729044,43.348078446217,BÉZ-473-Bio,BÉZ-473,"BÉZ-473 441 Rue de la Verrerie BEZIERS 34500, 4000L Enterrée",Biodéchets,#fb7e12,ic_container_11,2025-05-05 15:38:10
1e669d60-baeb-48ee-a14a-3f5af0ed4b65,3.25810624046996,43.3374864746085,BÉZ-104-CS,BÉZ-104,"BÉZ-104 19 Rue de Bastit BEZIERS 34500, 4000L Semi-enterrée",Tri sélectif,#f0e53d,ic_container_9,2025-05-05 15:38:10
1e768480-b08c-4c1e-8ae7-25737a8d3157,3.18365462066125,43.3368539562611,BÉZ-248-CS,BÉZ-248,"BÉZ-248 1129 Rue Antonio Machado BEZIERS 34500, 4000L Aérienne",Tri sélectif,#f0e53d,ic_container_ccsp_4,2025-05-05 15:38:10
1e8b4a18-f022-4ed9-a621-3b4458c37577,3.2182345352537,43.3445647633835,BÉZ-310-V2,BÉZ-310,"BÉZ-310 35 Avenue du 22 Août 1944 BEZIERS 34500, 4000L Enterrée",Verre,#41a111,ic_container_11,2025-05-05 15:38:10
1e97da3f-539e-4ce1-b287-f3604dd8dda7,3.21331300846051,43.3419098153235,BÉZ-186-CS,BÉZ-186,"BÉZ-186 1 Avenue Alphonse Mas BEZIERS 34500, 4000L Enterrée",Tri sélectif,#f0e53d,ic_container_11,2025-05-05 15:38:10
1ec00a8a-c090-4476-893a-716e4f891802,3.22083225668415,43.3560279593365,BÉZ-379-CS,BÉZ-379,"BÉZ-379 85 Rue Edouard Branly BEZIERS 34500, 4000L Enterrée",Tri sélectif,#f0e53d,ic_container_11,2025-05-05 15:38:10
1f043ca3-0b0a-45b4-9967-013a10302b01,3.25861066663192,43.3311606167307,BÉZ-249-Bio,BÉZ-249,"BÉZ-249 Europole Jean Monnet BEZIERS 34500, 4000L Semi-enterrée",Biodéchets,#fb7e12,ic_container_9,2025-05-05 15:38:10
1f1501cf-adfb-4a1a-b468-fa509a164304,3.21612854112709,43.3578933940717,BÉZ-251-OM,BÉZ-251,"BÉZ-251 1 Rue de l'Orient BEZIERS 34500, 4000L Aérienne",Déchets ménagers,#767678,ic_container_ccsp_4,2025-05-05 15:38:10
1f37ac37-080a-4a99-bae8-a979f4c709ce,3.27921403914436,43.316244801494,VIL-31-V,VIL-31,"VIL-31 5 Rue Léon Lagarde VILLENEUVE LES BEZIERS 34420, 4000L Aérienne",Verre,#41a111,ic_container_ccsp_4,2025-05-05 15:38:10
1f4cd01b-7477-4ebd-a45f-8fb04c48937b,3.25177245581213,43.3488903232727,BÉZ-384-T,BÉZ-384,"BÉZ-384 53 Avenue de la Voie Domitienne BEZIERS 34500, 4000L Semi-enterrée",Textile,#0e3056,ic_container_9,2025-05-05 15:38:10
1f5058d8-7d13-4d9d-ab29-7bcd4791b512,3.21331300846051,43.3419098153235,BÉZ-186-Bio,BÉZ-186,"BÉZ-186 1 Avenue Alphonse Mas BEZIERS 34500, 4000L Aérienne",Biodéchets,#fb7e12,ic_container_ccsp_4,2025-05-05 15:38:10
1f554c23-0b02-42f4-95af-ec06527a3b03,3.22009982165977,43.3514390148283,BÉZ-103-OM,BÉZ-103,"BÉZ-103 1 Square Joseph Lazare BEZIERS 34500, 4000L Enterrée",Déchets ménagers,#767678,ic_container_11,2025-05-05 15:38:10
1facb700-a9cf-4ac8-8f80-4885fed5c7c0,3.2380351788612,43.3406600450224,BÉZ-490-V,BÉZ-490,"BÉZ-490 25 Rue Jean Rostand BEZIERS 34500, 4000L Aérienne",Verre,#41a111,ic_container_ccsp_4,2025-05-05 15:38:10
1fe4f4f1-6fb8-4ca1-8d19-65de38359bac,3.25512078519338,43.3354684961505,BÉZ-31-Bio,BÉZ-31,"BÉZ-31 454 Avenue Armand Vaquerin BEZIERS 34500, 4000L Enterrée",Biodéchets,#fb7e12,ic_container_11,2025-05-05 15:38:10
20047765-ed57-42ee-ae11-32331939d9d7,3.27899102532934,43.2396563742271,VAL-17-CS,VAL-17,"VAL-17 12 Avenue des Elysees VALRAS PLAGE 34350, 4000L Enterrée",Tri sélectif,#f0e53d,ic_container_11,2025-05-05 15:38:10
202b7983-e09a-430d-86c2-8e4f59ae593d,3.28818083357033,43.2535778129281,VAL-2-CS,VAL-2,"VAL-2 1 Rue du 18 Fevrier 1931 VALRAS PLAGE 34350, 4000L Aérienne",Tri sélectif,#f0e53d,ic_container_ccsp_4,2025-05-05 15:38:10
202d3b7b-107f-4107-a748-e8362bcbf7fa,3.28175353848861,43.2435562140451,VAL-22-T,VAL-22,"VAL-22 6 Cami Founjut VALRAS PLAGE 34350, 4000L Aérienne",Textile,#0e3056,ic_container_ccsp_4,2025-05-05 15:38:10
20306285-ea73-4a29-b62e-10c559250ec0,3.21624486981276,43.3617571005311,BÉZ-358-V,BÉZ-358,"BÉZ-358 17 Rue de la Rose des Sables BEZIERS 34500, 4000L Aérienne",Verre,#41a111,ic_container_ccsp_4,2025-05-05 15:38:10
20313e83-1bc7-4c58-b0f8-4f284cc53126,3.22148415942132,43.3476774587563,BÉZ-291-CS,BÉZ-291,"BÉZ-291 53 Avenue Jean Moulin BEZIERS 34500, 4000L Aérienne",Tri sélectif,#f0e53d,ic_container_ccsp_4,2025-05-05 15:38:10
204f8483-9dc6-4189-9461-2fca057de99c,3.23324444193072,43.3515267508902,BÉZ-279-OM2,BÉZ-279,"BÉZ-279 3 Square Jean Biscaye BEZIERS 34500, 4000L Semi-enterrée",Déchets ménagers,#767678,ic_container_9,2025-05-05 15:38:10
206c6995-1d32-43de-a603-9abfbb80b2e5,3.21265474541818,43.3360417991683,BÉZ-80-T,BÉZ-80,"BÉZ-80 6 Quai du Commandant Jacques Yves Cousteau BEZIERS 34500, 4000L Semi-enterrée",Textile,#0e3056,ic_container_9,2025-05-05 15:38:10
208044bd-ad75-4a02-a082-2a910c562f0e,3.25234887641384,43.3385290529789,BÉZ-238-Bio,BÉZ-238,"BÉZ-238 2 Impasse de l'Origan BEZIERS 34500, 4000L Enterrée",Biodéchets,#fb7e12,ic_container_11,2025-05-05 15:38:10
20820a00-0a28-47d3-ad6c-68a7a1d66a06,3.23779032523617,43.3546059737294,BÉZ-283-Bio,BÉZ-283,"BÉZ-283 36 Rue du Comtat Venaissin BEZIERS 34500, 4000L Semi-enterrée",Biodéchets,#fb7e12,ic_container_9,2025-05-05 15:38:10
2087e636-26c6-4376-8c67-aa7003ad8292,3.24245753030225,43.3418183125341,BÉZ-496-OM,BÉZ-496,"BÉZ-496 1 Rue Louis Armand BEZIERS 34500, 4000L Semi-enterrée",Déchets ménagers,#767678,ic_container_9,2025-05-05 15:38:10
209d4b10-241c-4778-b368-ababfcacb500,3.29209525188075,43.2480468837564,VAL-34-OM,VAL-34,"VAL-34 2 Impasse Gambetta VALRAS PLAGE 34350, 4000L Semi-enterrée",Déchets ménagers,#767678,ic_container_9,2025-05-05 15:38:10
20a63766-a8c0-4f77-be7d-20f42a5bc4b3,3.27109580035011,43.243835115883,SÉR-50-V,SÉR-50,"SÉR-50 24 Chemin du Falgairas SERIGNAN 34410, 4000L Aérienne",Verre,#41a111,ic_container_ccsp_4,2025-05-05 15:38:10
20ab0a02-a2be-4e87-8d91-6d6bd823fe22,3.2776625201196,43.2841564898328,SÉR-19-CS,SÉR-19,"SÉR-19 22 Rue Hérail SERIGNAN 34410, 4000L Semi-enterrée",Tri sélectif,#f0e53d,ic_container_9,2025-05-05 15:38:10
20bead45-fa1f-4fce-ae27-c30116e52477,3.18703432983098,43.3416833094431,BÉZ-317-OM2,BÉZ-317,"BÉZ-317 60 Rue des Réformés BEZIERS 34500, 4000L Enterrée",Déchets ménagers,#767678,ic_container_11,2025-05-05 15:38:10
20e9a7ea-71a8-43d7-a521-2d1fe87424da,3.24516660902038,43.291072597705,SAU-32-OM,SAU-32,"SAU-32 41 Avenue de Font Vive SAUVIAN 34410, 4000L Enterrée",Déchets ménagers,#767678,ic_container_11,2025-05-20 14:36:19
20fab003-756f-49c9-9803-d0fe12944920,3.28952714611282,43.3283466842885,VIL-3-V,VIL-3,"VIL-3 18 Avenue des Colombes VILLENEUVE LES BEZIERS 34420, 4000L Aérienne",Verre,#41a111,ic_container_ccsp_4,2025-05-05 15:38:10
2100b389-7904-49a3-acde-9d2d0b4fbe5d,3.25858681632616,43.3284018395168,BÉZ-3-CS,BÉZ-3,"BÉZ-3 5bis Rue André Blondel BEZIERS 34500, 4000L Semi-enterrée",Tri sélectif,#f0e53d,ic_container_9,2025-05-05 15:38:10
2102e16d-1033-4ed1-8b39-76fdc7bd26cc,3.22555357240385,43.3457985996055,BÉZ-370-V,BÉZ-370,"BÉZ-370 18 Avenue Enseigne Albertini BEZIERS 34500, 4000L Aérienne",Verre,#41a111,ic_container_ccsp_4,2025-05-05 15:38:10
21076722-031b-4c3f-8ff1-c9bd00615b29,3.22663582032015,43.3624140295277,BÉZ-66-CS,BÉZ-66,"BÉZ-66 141 Allée Eugène Henri Gravelotte BEZIERS 34500, 4000L Aérienne",Tri sélectif,#f0e53d,ic_container_ccsp_4,2025-05-05 15:38:10
212944c2-dfb4-404f-87cd-3db28b0135d2,3.19099801891275,43.3370659304172,BÉZ-537-CS,BÉZ-537,"BÉZ-537 364 Chemin Rural 123 de Lirou à Fonséranes BEZIERS 34500, 4000L Enterrée",Tri sélectif,#f0e53d,ic_container_11,2025-05-05 15:38:10
214174ef-1667-426e-826d-5ee3f32c07d4,3.27921403914436,43.316244801494,VIL-12-Bio,VIL-12,"VIL-12 5 Rue Léon Lagarde VILLENEUVE LES BEZIERS 34420, 4000L Enterrée",Biodéchets,#fb7e12,ic_container_11,2025-05-05 15:38:10
215c3171-4eca-43f1-bee1-0955b814799a,3.21651414218228,43.3545373247852,BÉZ-342-OM,BÉZ-342,"BÉZ-342 25 Rue de la Renardière BEZIERS 34500, 4000L Enterrée",Déchets ménagers,#767678,ic_container_11,2025-05-05 15:38:10
21a18943-5730-45ec-b39e-0eb39e146c9f,3.26930270368883,43.2361142847832,SÉR-30-T,SÉR-30,"SÉR-30 4 Impasse Claudie SERIGNAN 34410, 4000L Aérienne",Textile,#0e3056,ic_container_ccsp_4,2025-05-05 15:38:10
221c3d82-cf5c-4003-94c6-65036ea00dfb,3.24933453218582,43.3496237555816,BÉZ-330-OM2,BÉZ-330,"BÉZ-330 501 Rue Fernand Arvieu BEZIERS 34500, 4000L Enterrée",Déchets ménagers,#767678,ic_container_11,2025-05-05 15:38:10
221cbbf8-3078-4a75-958c-7e8e64ad4231,3.24588422867535,43.3415575970527,BÉZ-483-CS,BÉZ-483,"BÉZ-483 24 Impasse Alfred Nobel BEZIERS 34500, 4000L Enterrée",Tri sélectif,#f0e53d,ic_container_11,2025-05-05 15:38:10
22367ee0-51a9-46d4-96a3-ee9a8708fdcd,3.26438857752221,43.3351237916457,BÉZ-1-OM2,BÉZ-1,"BÉZ-1 280 Avenue des Olympiades BEZIERS 34500, 4000L Enterrée",Déchets ménagers,#767678,ic_container_11,2025-05-05 15:38:10
2248e0ae-11bc-4bc3-8228-523bc5f2cc8e,3.2355570693481,43.3459024864288,BÉZ-85-CS,BÉZ-85,"BÉZ-85 2 Rue Azalaïs de Portiragnes BEZIERS 34500, 4000L Aérienne",Tri sélectif,#f0e53d,ic_container_ccsp_4,2025-05-05 15:38:10
224fec09-b27d-4af0-897e-b89d770af065,3.28003137662734,43.3270430530946,VIL-39-OM2,VIL-39,"VIL-39 36 Rue des Gloriettes VILLENEUVE LES BEZIERS 34420, 4000L Aérienne",Déchets ménagers,#767678,ic_container_ccsp_4,2025-05-05 15:38:10
227ae410-071d-4979-97e7-64a624b70b98,3.25951238607532,43.2651263187709,SAU-18-OM2,SAU-18,"SAU-18 6382f Chemin Rural 5 de Vistoule à Sérignan SAUVIAN 34410, 4000L Aérienne",Déchets ménagers,#767678,ic_container_ccsp_4,2025-05-20 10:03:07
228085e3-a964-4dd3-8c82-6ccfd4295075,3.28362264398842,43.3269564393898,VIL-25-CS,VIL-25,"VIL-25 25 Rue Henri Saurel VILLENEUVE LES BEZIERS 34420, 4000L Aérienne",Tri sélectif,#f0e53d,ic_container_ccsp_4,2025-05-05 15:38:10
22823851-28a3-4fef-b3fe-e0c1cbc620cd,3.22540869557323,43.365177197538,BÉZ-529-CS,BÉZ-529,"BÉZ-529 63 Rue Jean Despeaux BEZIERS 34500, 4000L Semi-enterrée",Tri sélectif,#f0e53d,ic_container_9,2025-05-05 15:38:10
229dac51-24cd-4b0d-af26-b2f114652e6f,3.29601498535288,43.2513074026069,VAL-5-T,VAL-5,"VAL-5 6 Rue du Docteur Blanchon VALRAS PLAGE 34350, 4000L Aérienne",Textile,#0e3056,ic_container_ccsp_4,2025-05-05 15:38:10
22b40830-17d9-4221-9a9b-70ccacc85693,3.21621932790456,43.3387694925717,BÉZ-217-CS2,BÉZ-217,"BÉZ-217 4 Rue de l'Hortet BEZIERS 34500, 4000L Enterrée",Tri sélectif,#f0e53d,ic_container_11,2025-05-05 15:38:10
22b8dc24-6d2f-4e18-964e-55cd76467f1f,3.22240282119632,43.3528320437127,BÉZ-345-OM,BÉZ-345,"BÉZ-345 9 Rue de Jussieu BEZIERS 34500, 4000L Enterrée",Déchets ménagers,#767678,ic_container_11,2025-05-05 15:38:10
22c198c4-1e5a-4983-b3de-9a037fcd640b,3.28600108446889,43.2491923195619,VAL-14-OM,VAL-14,"VAL-14 2bis Cami de Canto Rano VALRAS PLAGE 34350, 4000L Aérienne",Déchets ménagers,#767678,ic_container_ccsp_4,2025-05-05 15:38:10
22f7aace-b363-4043-938f-12320f7adbd1,3.21715536547532,43.3614703946179,BÉZ-44-OM2,BÉZ-44,"BÉZ-44 138 Chemin de l'Oasis BEZIERS 34500, 4000L Aérienne",Déchets ménagers,#767678,ic_container_ccsp_4,2025-05-05 15:38:10
22fc2518-d2e0-43d0-bdb6-5567bad31dc8,3.185886450429,43.3288545831015,BÉZ-158-CS,BÉZ-158,"BÉZ-158 1111 Voie Communale 9 de Béziers à Colombiers BEZIERS 34500, 4000L Aérienne",Tri sélectif,#f0e53d,ic_container_ccsp_4,2025-05-05 15:38:10
231ea2ab-47c6-4e56-a598-594777d68c7d,3.21794792590797,43.3560333386889,BÉZ-117-T,BÉZ-117,"BÉZ-117 34 Rue des Vendanges BEZIERS 34500, 4000L Enterrée",Textile,#0e3056,ic_container_11,2025-05-05 15:38:10
23201b90-af4e-441a-8b52-f794804284d7,3.23931835942561,43.3522201199718,BÉZ-364-CS,BÉZ-364,"BÉZ-364 9 Boulevard Président Kennedy BEZIERS 34500, 4000L Aérienne",Tri sélectif,#f0e53d,ic_container_ccsp_4,2025-05-05 15:38:10
23258a81-38d9-4523-ba8f-07dc7a9942e3,3.24901609952971,43.3390916182413,BÉZ-481-V2,BÉZ-481,"BÉZ-481 30 Avenue de la Pléiade BEZIERS 34500, 4000L Semi-enterrée",Verre,#41a111,ic_container_9,2025-05-05 15:38:10
23341734-bb8e-4baa-b4ec-bb84072fc01c,3.28247798711251,43.3223177077065,VIL-4-V,VIL-4,"VIL-4 1 Rue du Ponant VILLENEUVE LES BEZIERS 34420, 4000L Enterrée",Verre,#41a111,ic_container_11,2025-05-05 15:38:10
233a2414-deb5-4d04-841e-ffa26a6a9952,3.25234938459588,43.3372270059931,BÉZ-33-CS,BÉZ-33,"BÉZ-33 8 Rue Jacques Balmat BEZIERS 34500, 4000L Enterrée",Tri sélectif,#f0e53d,ic_container_11,2025-05-05 15:38:10
23452210-133b-46f6-8648-c2ac2022c936,3.28213494296464,43.3598635215949,BÉZ-201-V3,BÉZ-201,"BÉZ-201 414 Chemin Rural 59 de Saint Jean de Libron à Béziers BEZIERS 34500, 4000L Semi-enterrée",Verre,#41a111,ic_container_9,2025-12-02 09:22:42
2381b9a8-129d-4c36-b18f-7ab02c2ce85b,3.25268970209835,43.3350910495579,BÉZ-61-OM,BÉZ-61,"BÉZ-61 3 Square Lucien Gaudin BEZIERS 34500, 4000L Enterrée",Déchets ménagers,#767678,ic_container_11,2025-05-05 15:38:10
23cebdcd-f301-421b-83a3-2d6e7fbff878,3.24814200096314,43.2990961452898,SAU-1-OM,SAU-1,"SAU-1 17 Rue des Entrepreneurs SAUVIAN 34410, 4000L Semi-enterrée",Déchets ménagers,#767678,ic_container_9,2025-05-20 13:22:21
244b49d3-599f-40a1-97f9-ff6d207412bc,3.22291108934201,43.3455042240284,BÉZ-438-Bio,BÉZ-438,"BÉZ-438 11 Boulevard Bertrand Duguesclin BEZIERS 34500, 4000L Aérienne",Biodéchets,#fb7e12,ic_container_ccsp_4,2025-05-05 15:38:10
245b3dba-d722-4e3d-ad88-0e7051070e96,3.22254536786769,43.338107248275,BÉZ-549-OM2,BÉZ-549,"BÉZ-549 26bis Avenue Président Wilson BEZIERS 34500, 4000L Aérienne",Déchets ménagers,#767678,ic_container_ccsp_4,2025-05-05 15:38:10
247c7ab9-896e-433d-ac56-8538fae5dd39,3.23764583245207,43.3579819355938,BÉZ-403-CS,BÉZ-403,"BÉZ-403 37 Boulevard du Languedoc BEZIERS 34500, 4000L Semi-enterrée",Tri sélectif,#f0e53d,ic_container_9,2025-05-05 15:38:10
24a1109f-58d7-408f-b3ec-e6713132f5fd,3.24302567839427,43.344502118531,BÉZ-240-OM,BÉZ-240,"BÉZ-240 30 Rue Robert Rivetti BEZIERS 34500, 4000L Semi-enterrée",Déchets ménagers,#767678,ic_container_9,2025-05-05 15:38:10
24d581f0-9754-468e-a010-49777f50ee2d,3.23765803158478,43.3588212187913,BÉZ-152-OM2,BÉZ-152,"BÉZ-152 71 Rue de Rocagel BEZIERS 34500, 4000L Aérienne",Déchets ménagers,#767678,ic_container_ccsp_4,2025-05-05 15:38:10
24fe1428-3fd7-4aed-b12e-1d001cffd224,3.22889734003553,43.3428646230096,BÉZ-412-T,BÉZ-412,"BÉZ-412 2 Avenue Jean Constans BEZIERS 34500, 4000L Aérienne",Textile,#0e3056,ic_container_ccsp_4,2025-05-05 15:38:10
2537efb5-a24b-4664-a5ae-a7a928daf846,3.24804707194361,43.3518940310709,BÉZ-331-CS,BÉZ-331,"BÉZ-331 239 Rue Fernand Arvieu BEZIERS 34500, 4000L Enterrée",Tri sélectif,#f0e53d,ic_container_11,2025-05-05 15:38:10
25419878-592f-44f6-bd3f-5fdf18695598,3.24807902838842,43.3573713329576,BÉZ-208-CS2,BÉZ-208,"BÉZ-208 12 Rue Henri Barbusse BEZIERS 34500, 4000L Semi-enterrée",Tri sélectif,#f0e53d,ic_container_9,2025-05-05 15:38:10
254bc68b-5b4b-42a7-9e3b-f9582ed2021c,3.23742395746104,43.3501015737621,BÉZ-302-Bio,BÉZ-302,"BÉZ-302 41 Avenue Auguste Albertini BEZIERS 34500, 4000L Enterrée",Biodéchets,#fb7e12,ic_container_11,2025-05-05 15:38:10
256e1cb2-4c81-4223-93d9-930347c23fbe,3.23304649807754,43.3618854831325,BÉZ-530-CS2,BÉZ-530,"BÉZ-530 545 Boulevard Ernest Hemingway BEZIERS 34500, 4000L Semi-enterrée",Tri sélectif,#f0e53d,ic_container_9,2025-05-05 15:38:10
2586bfbe-e490-4c26-9625-beae028754bc,3.2362062255283,43.354288083298,BÉZ-433-CS,BÉZ-433,"BÉZ-433 106 Avenue Jean Moulin BEZIERS 34500, 4000L Enterrée",Tri sélectif,#f0e53d,ic_container_11,2025-05-05 15:38:10
25a2f88d-0b2e-4c2f-9ff2-b0a95050fae7,3.24088470283281,43.3626530206649,BÉZ-273-CS,BÉZ-273,"BÉZ-273 129 Rue de Minerve BEZIERS 34500, 4000L Enterrée",Tri sélectif,#f0e53d,ic_container_11,2025-05-05 15:38:10
25b0a120-3dad-4d88-8f6a-b03a758a7f07,3.21935040834557,43.3661636435672,BÉZ-471-OM,BÉZ-471,"BÉZ-471 904 Ancienne Route de Bédarieux BEZIERS 34500, 4000L Enterrée",Déchets ménagers,#767678,ic_container_11,2025-05-05 15:38:10
25c4c930-52c1-4df0-8608-900f518ea955,3.3307123095673,43.2696269385239,SÉR-32-OM,SÉR-32,"SÉR-32 Orpellières Hautes SERIGNAN 34410, 4000L Semi-enterrée",Déchets ménagers,#767678,ic_container_9,2025-05-20 13:22:52
25cb3b0f-ad1d-4b92-80a7-8f8e1a698a9a,3.22035671421074,43.3335170097233,BÉZ-243-OM,BÉZ-243,"BÉZ-243 2 Rue René Boyer BEZIERS 34500, 4000L Aérienne",Déchets ménagers,#767678,ic_container_ccsp_4,2025-05-05 15:38:10
25e03ca2-4a64-4b68-b020-e3f0fdc81e99,3.2585868495785,43.3370499256812,BÉZ-545-Bio,BÉZ-545,"BÉZ-545 5 Rue de Bastit BEZIERS 34500, 4000L Semi-enterrée",Biodéchets,#fb7e12,ic_container_9,2025-05-05 15:38:10
25ecb10a-2608-4f4a-bbea-9e98d64e9894,3.26438857752221,43.3351237916457,BÉZ-1-CS,BÉZ-1,"BÉZ-1 280 Avenue des Olympiades BEZIERS 34500, 4000L Enterrée",Tri sélectif,#f0e53d,ic_container_11,2025-05-05 15:38:10
2613029b-fc41-4a7e-9b30-c821df3e2d2c,3.18553325412875,43.337177778406,BÉZ-538-CS,BÉZ-538,"BÉZ-538 975 Rue Antonio Machado BEZIERS 34500, 4000L Aérienne",Tri sélectif,#f0e53d,ic_container_ccsp_4,2025-05-05 15:38:10
26271383-a754-4b68-a33c-4c07978f0a69,3.27697902185993,43.3234996248796,VIL-40-V2,VIL-40,"VIL-40 2 Rue du Sauvignon VILLENEUVE LES BEZIERS 34420, 4000L Enterrée",Verre,#41a111,ic_container_11,2025-05-05 15:38:10
26a5a498-e62e-4a4a-91fc-c24e037c97bd,3.27103623033804,43.3387427729706,BÉZ-218-OM,BÉZ-218,"BÉZ-218 27 Rue de l'Olivette BEZIERS 34500, 4000L Semi-enterrée",Déchets ménagers,#767678,ic_container_9,2025-05-05 15:38:10
26ec29f7-d876-486c-94df-32b63bc09b45,3.2727039000903,43.2762758939636,SÉR-44-V,SÉR-44,"SÉR-44 9 Boulevard du General de Gaulle SERIGNAN 34410, 4000L Enterrée",Verre,#41a111,ic_container_11,2025-05-05 15:38:10
26f0284a-b000-4a48-8964-d5185b80a630,3.22960842060928,43.3650618741354,BÉZ-183-CS2,BÉZ-183,"BÉZ-183 403 Rue Jean Despeaux BEZIERS 34500, 4000L Semi-enterrée",Tri sélectif,#f0e53d,ic_container_9,2025-05-05 15:38:10
26f4a642-582d-43f4-b883-07e03bae169d,3.21627288421921,43.3473076199503,BÉZ-363-T3,BÉZ-363,"BÉZ-363 65 Avenue Maréchal Foch BEZIERS 34500, 4000L Semi-enterrée",Textile,#0e3056,ic_container_9,2025-05-05 15:38:10
26fa8cc8-09ba-49e8-a3c2-87d6288a49bf,3.21989992723063,43.3580824548743,BÉZ-366-OM,BÉZ-366,"BÉZ-366 1 Rue Henri Becquerel BEZIERS 34500, 4000L Semi-enterrée",Déchets ménagers,#767678,ic_container_9,2025-05-05 15:38:10
2732ae6b-7a8c-4a10-8bca-8dcaec81992f,3.23451575026714,43.3519456809507,BÉZ-539-OM,BÉZ-539,"BÉZ-539 17 Rue de Bretagne BEZIERS 34500, 4000L Semi-enterrée",Déchets ménagers,#767678,ic_container_9,2025-05-05 15:38:10
2737a561-d66a-4d2c-8a14-332669d45462,3.29861740329974,43.2508450803649,VAL-25-Bio,VAL-25,"VAL-25 Boulevard Jean Dauga VALRAS PLAGE 34350, 4000L Enterrée",Biodéchets,#fb7e12,ic_container_11,2025-05-05 15:38:10
277f047d-d8e3-4d2a-a03e-1e31287cd12f,3.24439768850605,43.3394929361839,BÉZ-485-CS2,BÉZ-485,"BÉZ-485 2 Rue Angélique Arnaud BEZIERS 34500, 4000L Semi-enterrée",Tri sélectif,#f0e53d,ic_container_9,2025-05-05 15:38:10
2784c76a-732c-4b48-9fc8-6a14c48cf2b9,3.23217290373039,43.3451620801441,BÉZ-88-OM2,BÉZ-88,"BÉZ-88 42 Avenue Pierre Verdier BEZIERS 34500, 4000L Aérienne",Déchets ménagers,#767678,ic_container_ccsp_4,2025-05-05 15:38:10
27870063-6406-4f14-9a9c-c159bca57b91,3.2762181398657,43.3366226635865,BÉZ-224-CS,BÉZ-224,"BÉZ-224 432 Rue Dionysos BEZIERS 34500, 4000L Enterrée",Tri sélectif,#f0e53d,ic_container_11,2025-05-05 15:38:10
27a73d90-0820-489a-9725-d9e19c22447b,3.20626506702064,43.3552876872217,BÉZ-129-V,BÉZ-129,"BÉZ-129 43 Avenue du Pech de la Galinière BEZIERS 34500, 4000L Enterrée",Verre,#41a111,ic_container_11,2025-05-05 15:38:10
27b2f81c-d545-4f78-bd01-ad801017bf6c,3.22104345366343,43.3641398819283,BÉZ-247-Bio,BÉZ-247,"BÉZ-247 537 Chemin Rural 3 de Béziers à Lieuran-Ribaute BEZIERS 34500, 4000L Aérienne",Biodéchets,#fb7e12,ic_container_ccsp_4,2025-05-05 15:38:10
27bd34a2-f18b-4ada-8e01-4aefa8c3270b,3.2843019765058,43.2481211134488,VAL-15-OM2,VAL-15,"VAL-15 7 Camin de Canto Rano (grenouille) VALRAS PLAGE 34350, 4000L Semi-enterrée",Déchets ménagers,#767678,ic_container_9,2025-05-05 15:38:10
27cb16af-7de4-4044-9359-de24a8b05dac,3.18946135321564,43.3420121222467,BÉZ-474-OM,BÉZ-474,"BÉZ-474 139 Rue Villerouge-Termenès BEZIERS 34500, 4000L Aérienne",Déchets ménagers,#767678,ic_container_ccsp_4,2025-05-05 15:38:10
27df4f57-688d-4d66-b383-17d8f3cba72b,3.28185332730148,43.2433163429673,VAL-33-Bio,VAL-33,"VAL-33 109 Avenue du Casino VALRAS PLAGE 34350, 4000L Aérienne",Biodéchets,#fb7e12,ic_container_ccsp_4,2025-05-05 15:38:10
27f63ef0-90f9-4cbd-9541-c026b0a81cf1,3.21989992723063,43.3580824548743,BÉZ-239-V,BÉZ-239,"BÉZ-239 1 Rue Henri Becquerel BEZIERS 34500, 4000L Aérienne",Verre,#41a111,ic_container_ccsp_4,2025-05-05 15:38:10
27fcb27c-a2c8-40bb-b87c-fb6bcb2151fe,3.21791283237961,43.3549628205457,BÉZ-479-CS,BÉZ-479,"BÉZ-479 1 Rue de la Cuve BEZIERS 34500, 4000L Aérienne",Tri sélectif,#f0e53d,ic_container_ccsp_4,2025-05-05 15:38:10
281c128d-79b5-443c-817c-76daf49d699f,3.23044306720745,43.3305484344588,BÉZ-269-V,BÉZ-269,"BÉZ-269 375 Avenue Joseph Lazare BEZIERS 34500, 4000L Semi-enterrée",Verre,#41a111,ic_container_9,2025-05-05 15:38:10
282431eb-9885-4b11-930a-b33623445202,3.27128104054178,43.2803069793849,SÉR-48-Bio,SÉR-48,"SÉR-48 31ter Chemin des Layres SERIGNAN 34410, 4000L Aérienne",Biodéchets,#fb7e12,ic_container_ccsp_4,2025-05-05 15:38:10
2834c136-9f28-4e53-ad9f-f700b3c62ba6,3.23066911982062,43.3385850040995,BÉZ-511-Bio,BÉZ-511,"BÉZ-511 2 Impasse de la Paix BEZIERS 34500, 4000L Enterrée",Biodéchets,#fb7e12,ic_container_11,2025-05-05 15:38:10
2836d83c-6a2f-4bfe-a17f-42b1073ba8f4,3.27937710063919,43.2819344836623,SÉR-10-V,SÉR-10,"SÉR-10 17 Boulevard Voltaire SERIGNAN 34410, 4000L Enterrée",Verre,#41a111,ic_container_11,2025-05-05 15:38:10
2850fc3f-9180-478c-bff1-3b83171a203f,3.24312826795825,43.3603162519533,BÉZ-396-OM2,BÉZ-396,"BÉZ-396 404 Rue de Minerve BEZIERS 34500, 4000L Aérienne",Déchets ménagers,#767678,ic_container_ccsp_4,2025-05-05 15:38:10
2858d6c5-35be-47c1-ac63-aca86c7e2673,3.31559898870574,43.3126594183661,VIL-21-CS2,VIL-21,"VIL-21 Chemin de Giranne VILLENEUVE LES BEZIERS 34420, 4000L Semi-enterrée",Tri sélectif,#f0e53d,ic_container_9,2025-05-05 15:38:10
285fd22f-1392-45b1-a45c-ede7b5b74b20,3.2516915976781,43.3355503530998,BÉZ-59-Bio2,BÉZ-59,"BÉZ-59 1 Square Émile Carrère BEZIERS 34500, 4000L Enterrée",Biodéchets,#fb7e12,ic_container_11,2025-05-05 15:38:10
2872826d-2fd1-461e-b3ec-e4492ba92177,3.24985489942356,43.3378961297251,BÉZ-37-OM,BÉZ-37,"BÉZ-37 50 Avenue de la Pléiade BEZIERS 34500, 4000L Aérienne",Déchets ménagers,#767678,ic_container_ccsp_4,2025-05-05 15:38:10
287a7f77-087f-4757-90d9-81a75a52daed,3.24245753030225,43.3418183125341,BÉZ-496-Bio,BÉZ-496,"BÉZ-496 1 Rue Louis Armand BEZIERS 34500, 4000L Semi-enterrée",Biodéchets,#fb7e12,ic_container_9,2025-05-05 15:38:10
28965b1e-6fd1-4dfa-bc3c-3db824317143,3.23607656272334,43.3432466560323,BÉZ-297-CS2,BÉZ-297,"BÉZ-297 3 Allée Albert Mouton BEZIERS 34500, 4000L Enterrée",Tri sélectif,#f0e53d,ic_container_11,2025-05-05 15:38:10
28a7a461-3004-442c-abe1-dfebd6d1229f,3.2527496576917,43.3415346165785,BÉZ-501-OM2,BÉZ-501,"BÉZ-501 4 Rue André Robert BEZIERS 34500, 4000L Semi-enterrée",Déchets ménagers,#767678,ic_container_9,2025-05-05 15:38:10
28d555d1-cc25-4b13-b112-f5c33ed16c80,3.27901361589053,43.2800331772206,SÉR-41-OM2,SÉR-41,"SÉR-41 9 Rue du Frere Olive SERIGNAN 34410, 4000L Enterrée",Déchets ménagers,#767678,ic_container_11,2025-05-20 14:35:38
28d5bf88-700d-4223-9ea0-215390cbb0d4,3.28238954184079,43.2820945721501,SÉR-42-T,SÉR-42,"SÉR-42 3 passage du pontil SERIGNAN 34410, 4000L Aérienne",Textile,#0e3056,ic_container_ccsp_4,2025-05-05 15:38:10
298f6b59-00a1-4836-a1bf-90efc714d6bd,3.28268124626828,43.3140148140727,VIL-14-OM,VIL-14,"VIL-14 Rue de l'Abattoir VILLENEUVE LES BEZIERS 34420, 4000L Semi-enterrée",Déchets ménagers,#767678,ic_container_9,2025-05-05 15:38:10
29919913-e49a-4ad3-94b9-f92e2d9beb76,3.24252122379595,43.3473928373705,BÉZ-89-OM,BÉZ-89,"BÉZ-89 21 Avenue de la Voie Domitienne BEZIERS 34500, 4000L Aérienne",Déchets ménagers,#767678,ic_container_ccsp_4,2025-05-05 15:38:10
29b063c2-4f90-464b-99d5-589c6ac78165,3.24829532213788,43.2879352940273,SAU-19-OM,SAU-19,"SAU-19 116 Avenue des Grands Parcs SAUVIAN 34410, 4000L Aérienne",Déchets ménagers,#767678,ic_container_ccsp_4,2025-05-20 13:20:18
29c01773-596a-4ee6-bfc7-3048597d8402,3.24866815381672,43.3330299572453,BÉZ-27-CS,BÉZ-27,"BÉZ-27 Rue d'Alger BEZIERS 34500, 4000L Aérienne",Tri sélectif,#f0e53d,ic_container_ccsp_4,2025-05-05 15:38:10
29d5a2a3-2964-4fbe-a073-ff686a3a7b5d,3.23689529613116,43.3377622924072,BÉZ-418-CS,BÉZ-418,"BÉZ-418 66 Carrefour Gausselet BEZIERS 34500, 4000L Enterrée",Tri sélectif,#f0e53d,ic_container_11,2025-05-05 15:38:10
29e238f4-747c-45c0-bed8-e1313b7bc5d2,3.24017262354734,43.3397780802462,BÉZ-487-V,BÉZ-487,"BÉZ-487 42 Rue Paule Tiffy BEZIERS 34500, 4000L Semi-enterrée",Verre,#41a111,ic_container_9,2025-05-05 15:38:10
2a11e501-a1c7-47ca-8b01-c79cb6d9d90c,3.25268970209835,43.3350910495579,BÉZ-62-V,BÉZ-62,"BÉZ-62 3 Square Lucien Gaudin BEZIERS 34500, 4000L Aérienne",Verre,#41a111,ic_container_ccsp_4,2025-05-05 15:38:10
2a38b34d-a65a-49af-a874-4b633cab71cd,3.21037558846253,43.3645725158682,BÉZ-7-T,BÉZ-7,"BÉZ-7 49 Rue Gerry Roufs BEZIERS 34500, 4000L Semi-enterrée",Textile,#0e3056,ic_container_9,2025-05-05 15:38:10
2a38da81-1888-487a-9739-287825cb8b0e,3.28020571514532,43.3147182946583,VIL-37-V,VIL-37,"VIL-37 2 Rue du 4 Septembre VILLENEUVE LES BEZIERS 34420, 4000L Semi-enterrée",Verre,#41a111,ic_container_9,2025-05-05 15:38:10
2a4dc8fe-80c6-4420-9fab-018fde7600c5,3.28600108446889,43.2491923195619,VAL-14-CS,VAL-14,"VAL-14 2bis Cami de Canto Rano VALRAS PLAGE 34350, 4000L Semi-enterrée",Tri sélectif,#f0e53d,ic_container_9,2025-05-05 15:38:10
2a78f144-b2c9-42fe-80f1-18f561c1b00a,3.24253798171404,43.340045883121,BÉZ-96-OM2,BÉZ-96,"BÉZ-96 Avenue Michel de l'Hospital BEZIERS 34500, 4000L Semi-enterrée",Déchets ménagers,#767678,ic_container_9,2025-05-05 15:38:10
2a7bdc9d-5cad-4466-ac90-5ad852334e59,3.21901363710762,43.33978710921,BÉZ-107-V,BÉZ-107,"BÉZ-107 61 Impasse Jacques Delhon BEZIERS 34500, 4000L Semi-enterrée",Verre,#41a111,ic_container_9,2025-05-05 15:38:10
2a854f14-c132-468d-99f1-eddd99863c2c,3.22683625129119,43.3397163742323,BÉZ-518-CS,BÉZ-518,"BÉZ-518 37 Boulevard de Genève BEZIERS 34500, 4000L Enterrée",Tri sélectif,#f0e53d,ic_container_11,2025-05-05 15:38:10
2a963caa-66a7-418c-b06f-0bd16f5eb31e,3.20369423639884,43.3584131863684,BÉZ-9-CS,BÉZ-9,"BÉZ-9 2 Rue des Cévennes BEZIERS 34500, 4000L Aérienne",Tri sélectif,#f0e53d,ic_container_ccsp_4,2025-05-05 15:38:10
2aa8293c-99f0-4cc6-b9bb-39e64fbd32fd,3.24506234448789,43.3317165708771,BÉZ-428-Bio,BÉZ-428,"BÉZ-428 26 Rue du Thym BEZIERS 34500, 4000L Aérienne",Biodéchets,#fb7e12,ic_container_ccsp_4,2025-05-05 15:38:10
2abf5c80-fd05-4c94-bd09-a448da7cc2d0,3.24416323414448,43.3485705069312,BÉZ-327-OM,BÉZ-327,"BÉZ-327 11 Boulevard Général de Larminat BEZIERS 34500, 4000L Semi-enterrée",Déchets ménagers,#767678,ic_container_9,2025-05-05 15:38:10
2b226c20-54fa-4081-a4c2-2e2fff50cfd3,3.18553325412875,43.337177778406,BÉZ-538-OM,BÉZ-538,"BÉZ-538 975 Rue Antonio Machado BEZIERS 34500, 4000L Semi-enterrée",Déchets ménagers,#767678,ic_container_9,2025-05-05 15:38:10
2b8535bc-a2dc-423e-8477-0f9ba3666511,3.22942486216235,43.3563262141597,BÉZ-392-V,BÉZ-392,"BÉZ-392 34 Rue Auguste Renoir BEZIERS 34500, 4000L Aérienne",Verre,#41a111,ic_container_ccsp_4,2025-05-05 15:38:10
2baa220a-e799-4ad1-afce-1fccec446328,3.20626506702064,43.3552876872217,BÉZ-129-OM,BÉZ-129,"BÉZ-129 43 Avenue du Pech de la Galinière BEZIERS 34500, 4000L Aérienne",Déchets ménagers,#767678,ic_container_ccsp_4,2025-05-05 15:38:10
2baa3f27-a69b-4f6e-bdf1-bd194fd458ce,3.22555357240385,43.3457985996055,BÉZ-370-OM,BÉZ-370,"BÉZ-370 18 Avenue Enseigne Albertini BEZIERS 34500, 4000L Enterrée",Déchets ménagers,#767678,ic_container_11,2025-05-05 15:38:10
2bab610c-92b4-4c1a-8d85-9e16f8176400,3.21864759409294,43.3500495008682,BÉZ-192-V,BÉZ-192,"BÉZ-192 28 Rue Antoine Augustin Parmentier BEZIERS 34500, 4000L Enterrée",Verre,#41a111,ic_container_11,2025-05-05 15:38:10
2bac9807-1491-49f7-ab5b-a102233b824c,3.25371313448583,43.3339941472,BÉZ-58-T,BÉZ-58,"BÉZ-58 119 Rue Mathilde Bellaud Dessalles BEZIERS 34500, 4000L Enterrée",Textile,#0e3056,ic_container_11,2025-05-05 15:38:10
2bd5cbb2-12f7-4222-ba8f-f12d7d368fcc,3.25443502913168,43.3320083781484,BÉZ-422-V,BÉZ-422,"BÉZ-422 2 Rue Paul Roca BEZIERS 34500, 4000L Aérienne",Verre,#41a111,ic_container_ccsp_4,2025-05-05 15:38:10
2bf22c23-4d8e-43fc-9381-9968adc2bb25,3.26466906041599,43.3388958491367,BÉZ-220-OM,BÉZ-220,"BÉZ-220 16 Rue du Listan BEZIERS 34500, 4000L Semi-enterrée",Déchets ménagers,#767678,ic_container_9,2025-05-05 15:38:10
2c0c465d-8d96-4a97-b337-afafea7b19ee,3.27962939547048,43.2806021335615,SÉR-1-OM2,SÉR-1,"SÉR-1 1 Rue du Frère Olive Jean Pierre SERIGNAN 34410, 4000L Aérienne",Déchets ménagers,#767678,ic_container_ccsp_4,2025-05-20 12:35:44
2c2b1e4e-abac-4429-b00e-695da0df7126,3.2572564736238,43.3433801000718,BÉZ-547-OM,BÉZ-547,"BÉZ-547 1 Rue Jean Falandry BEZIERS 34500, 4000L Aérienne",Déchets ménagers,#767678,ic_container_ccsp_4,2025-05-05 15:38:10
2c3193fb-fc05-4ff5-bf8c-04d05f90a24a,3.23489259984101,43.3614517595578,BÉZ-153-OM2,BÉZ-153,"BÉZ-153 365 Boulevard Ernest Hemingway BEZIERS 34500, 4000L Aérienne",Déchets ménagers,#767678,ic_container_ccsp_4,2025-05-05 15:38:10
2c75374b-d141-429d-8f66-1c379d2a213c,3.24809490117164,43.3328801823809,BÉZ-26-CS,BÉZ-26,"BÉZ-26 5 Rue d'Alger BEZIERS 34500, 4000L Semi-enterrée",Tri sélectif,#f0e53d,ic_container_9,2025-05-05 15:38:10
2c8b2685-3fe8-4551-acbd-92ee34194c92,3.23423344127614,43.3514775179106,BÉZ-244-V2,BÉZ-244,"BÉZ-244 Rue Jean Biscaye BEZIERS 34500, 4000L Semi-enterrée",Verre,#41a111,ic_container_9,2025-05-05 15:38:10
2c92328f-2e2c-495f-9db3-4dc6c131d713,3.17496888761349,43.326822440089,BÉZ-149-CS,BÉZ-149,"BÉZ-149 2124 Traverse de Colombiers BEZIERS 34500, 4000L Aérienne",Tri sélectif,#f0e53d,ic_container_ccsp_4,2025-05-05 15:38:10
2cb9ae21-05f7-4318-8e31-443b9d9177d9,3.22083225668415,43.3560279593365,BÉZ-379-OM2,BÉZ-379,"BÉZ-379 85 Rue Edouard Branly BEZIERS 34500, 4000L Semi-enterrée",Déchets ménagers,#767678,ic_container_9,2025-05-05 15:38:10
2cc64537-b528-4aa7-93e1-26084595c89d,3.25803967886272,43.3387003218128,BÉZ-544-OM,BÉZ-544,"BÉZ-544 22 Rue Edmond Michelet BEZIERS 34500, 4000L Enterrée",Déchets ménagers,#767678,ic_container_11,2025-05-05 15:38:10
2cd878cb-ab45-4bde-9ac0-97ff03f54821,3.19238091740892,43.3400631515759,BÉZ-319-OM,BÉZ-319,"BÉZ-319 1 Rue des Poiriers BEZIERS 34500, 4000L Aérienne",Déchets ménagers,#767678,ic_container_ccsp_4,2025-05-05 15:38:10
2ce4b349-fd27-4935-a0ab-63440e328dec,3.25874962882751,43.2951870813033,SAU-9-Bio,SAU-9,"SAU-9 1 Rue Guy de Maupassant SAUVIAN 34410, 4000L Enterrée",Biodéchets,#fb7e12,ic_container_11,2025-05-05 15:38:10
2ce7e481-a514-40ab-bb0d-c2974c8ae459,3.27109580035011,43.243835115883,SÉR-50-T,SÉR-50,"SÉR-50 24 Chemin du Falgairas SERIGNAN 34410, 4000L Enterrée",Textile,#0e3056,ic_container_11,2025-05-05 15:38:10
2cebc222-17c6-4455-a4bd-479c57d0d195,3.21498361839092,43.336139187039,BÉZ-256-V,BÉZ-256,"BÉZ-256 49 Espace Pierre Brousse BEZIERS 34500, 4000L Enterrée",Verre,#41a111,ic_container_11,2025-05-05 15:38:10
2d0f2f8c-9b25-4e2d-9215-020f0e53b806,3.26740880758473,43.2432523276261,SÉR-36-T,SÉR-36,"SÉR-36 4 Rue de la Sole SERIGNAN 34410, 4000L Enterrée",Textile,#0e3056,ic_container_11,2025-05-05 15:38:10
2d1d82bb-5cd5-476b-9ed5-35053d4ff14c,3.24406555479483,43.32825660609,BÉZ-445-V,BÉZ-445,"BÉZ-445 2 Rue de Saint Bitou BEZIERS 34500, 4000L Enterrée",Verre,#41a111,ic_container_11,2025-05-05 15:38:10
2d241a51-6d23-4054-b8b3-42589dcf4170,3.24524263996767,43.3364938010186,BÉZ-444-OM,BÉZ-444,"BÉZ-444 2 Rue des Micocouliers BEZIERS 34500, 4000L Aérienne",Déchets ménagers,#767678,ic_container_ccsp_4,2025-05-05 15:38:10
2d47142a-fdd9-49a2-b0af-5ba4d531cc68,3.21588822126945,43.3642178676261,BÉZ-40-V3,BÉZ-40,"BÉZ-40 263 Rue des Lutins BEZIERS 34500, 4000L Aérienne",Verre,#41a111,ic_container_ccsp_4,2025-05-05 15:38:10
2d5fe9b4-b42b-441f-9d60-ed59964bdb96,3.2727039000903,43.2762758939636,SÉR-44-V2,SÉR-44,"SÉR-44 9 Boulevard du General de Gaulle SERIGNAN 34410, 4000L Aérienne",Verre,#41a111,ic_container_ccsp_4,2025-05-05 15:38:10
2d9cd645-02d5-4d36-9876-e78674220ef1,3.26284145651051,43.2941603612611,SAU-22-T,SAU-22,"SAU-22 27 Avenue Paul Vidal SAUVIAN 34410, 4000L Enterrée",Textile,#0e3056,ic_container_11,2025-05-05 15:38:10
2da28e18-ebe0-4d1e-bb3c-5ee881170389,3.20620331832907,43.3612665217444,BÉZ-387-CS,BÉZ-387,"BÉZ-387 95 Avenue du Pech de la Galinière BEZIERS 34500, 4000L Aérienne",Tri sélectif,#f0e53d,ic_container_ccsp_4,2025-05-05 15:38:10
2dca52ae-f443-4642-beeb-a309472dbe7c,3.25362154818047,43.3437495221749,BÉZ-178-T,BÉZ-178,"BÉZ-178 269 Allée des Charmes BEZIERS 34500, 4000L Enterrée",Textile,#0e3056,ic_container_11,2025-05-05 15:38:10
2e1e4cd8-1ac8-45b1-97a0-84219272fc1e,3.21007309090674,43.3523789654456,BÉZ-231-CS,BÉZ-231,"BÉZ-231 16 Rue de Saint-Geniès BEZIERS 34500, 4000L Semi-enterrée",Tri sélectif,#f0e53d,ic_container_9,2025-05-05 15:38:10
2e4dcacc-ce10-41dd-8e94-c32f2ae85a57,3.20837638704174,43.3664185556079,BÉZ-78-OM,BÉZ-78,"BÉZ-78 60 Rue Marcel Bardiaux BEZIERS 34500, 4000L Semi-enterrée",Déchets ménagers,#767678,ic_container_9,2025-05-05 15:38:10
2e4f461a-e79c-4805-a7f6-3b2400455a93,3.24359997019785,43.3501932831391,BÉZ-324-V,BÉZ-324,"BÉZ-324 22 Rue Marie Durand BEZIERS 34500, 4000L Semi-enterrée",Verre,#41a111,ic_container_9,2025-05-05 15:38:10
2e5e9dd6-6770-46a1-acf0-c06159bfc1e6,3.2414603593927,43.3397729429211,BÉZ-488-OM,BÉZ-488,"BÉZ-488 22 Rue Raoul Follereau BEZIERS 34500, 4000L Semi-enterrée",Déchets ménagers,#767678,ic_container_9,2025-05-05 15:38:10
2e61a2bd-89d1-4f1e-ab93-904d700f8392,3.26918330168459,43.2421516335315,SÉR-49-T,SÉR-49,"SÉR-49 22 Rue du Saint Pierre SERIGNAN 34410, 4000L Enterrée",Textile,#0e3056,ic_container_11,2025-05-05 15:38:10
2e68f25c-970c-4f9b-b67f-6a2e7e6fba25,3.22683625129119,43.3397163742323,BÉZ-518-OM,BÉZ-518,"BÉZ-518 37 Boulevard de Genève BEZIERS 34500, 4000L Enterrée",Déchets ménagers,#767678,ic_container_11,2025-05-05 15:38:10
2e6c0442-28da-48cc-a102-5bcc3a0d0b43,3.22254536786769,43.338107248275,BÉZ-549-CS,BÉZ-549,"BÉZ-549 26bis Avenue Président Wilson BEZIERS 34500, 4000L Semi-enterrée",Tri sélectif,#f0e53d,ic_container_9,2025-05-05 15:38:10
2e6fec53-c69b-4b97-bfa4-7aeffd8eefa5,3.29560995661611,43.2473720542432,VAL-3-OM,VAL-3,"VAL-3 7 Rue du Lieutenant Panis VALRAS PLAGE 34350, 4000L Semi-enterrée",Déchets ménagers,#767678,ic_container_9,2025-05-20 14:34:47
2e779d03-05f4-4069-85f6-f3f78bd89c71,3.2249388522928,43.3618937196581,BÉZ-68-OM2,BÉZ-68,"BÉZ-68 34 Rue Micheline Ostermeyer BEZIERS 34500, 4000L Enterrée",Déchets ménagers,#767678,ic_container_11,2025-05-05 15:38:10
2e866ce4-69ba-4256-b4b4-d645037e4bfe,3.23329179054467,43.3611513570031,BÉZ-252-Bio,BÉZ-252,"BÉZ-252 42 Rue Jean François Millet BEZIERS 34500, 4000L Enterrée",Biodéchets,#fb7e12,ic_container_11,2025-05-05 15:38:10
2ed9731e-edab-4c85-adf4-6e72ce3cae19,3.24167961289829,43.3333166726427,BÉZ-446-V2,BÉZ-446,"BÉZ-446 5 Rue des Châtaigniers BEZIERS 34500, 4000L Aérienne",Verre,#41a111,ic_container_ccsp_4,2025-05-05 15:38:10
2f0045b8-7176-4874-b192-c631e98d170c,3.22960842060928,43.3650618741354,BÉZ-183-Bio,BÉZ-183,"BÉZ-183 403 Rue Jean Despeaux BEZIERS 34500, 4000L Enterrée",Biodéchets,#fb7e12,ic_container_11,2025-05-05 15:38:10
2f1fde09-2b41-4e24-9ae8-4468a088ea4e,3.28555071297655,43.3210449704772,VIL-29-CS2,VIL-29,"VIL-29 2 Chemin de Parazols VILLENEUVE LES BEZIERS 34420, 4000L Aérienne",Tri sélectif,#f0e53d,ic_container_ccsp_4,2025-05-05 15:38:10
2f350d7c-b5fd-4f5b-ac1a-b9bdff625428,3.27901361589053,43.2800331772206,SÉR-41-CS,SÉR-41,"SÉR-41 9 Rue du Frere Olive SERIGNAN 34410, 4000L Aérienne",Tri sélectif,#f0e53d,ic_container_ccsp_4,2025-05-05 15:38:10
2f389e68-ebb4-4d54-9c73-d91288754747,3.26136823214866,43.295841502777,SAU-4-CS,SAU-4,"SAU-4 40 Rue des Ecoles SAUVIAN 34410, 4000L Aérienne",Tri sélectif,#f0e53d,ic_container_ccsp_4,2025-05-05 15:38:10
2f4cac7c-2f9f-44b7-affa-5b6883d198d1,3.22341912405047,43.3336087539354,BÉZ-242-CS,BÉZ-242,"BÉZ-242 14 Avenue Joseph Lazare BEZIERS 34500, 4000L Semi-enterrée",Tri sélectif,#f0e53d,ic_container_9,2025-05-05 15:38:10
2f78d9f3-4449-4679-8788-a9692279b706,3.24562647678592,43.3445973942962,BÉZ-64-OM,BÉZ-64,"BÉZ-64 57 Rue Michel Colucci BEZIERS 34500, 4000L Aérienne",Déchets ménagers,#767678,ic_container_ccsp_4,2025-05-05 15:38:10
2f818766-a941-4209-81a4-7f793234449b,3.27484629239984,43.2713803327949,SÉR-14-CS2,SÉR-14,"SÉR-14 2 Rue Jean Paul Sartre SERIGNAN 34410, 4000L Aérienne",Tri sélectif,#f0e53d,ic_container_ccsp_4,2025-05-05 15:38:10
2f97af5e-a164-4b55-9941-ea701e2403ad,3.21237855410324,43.3372752745745,BÉZ-115-T,BÉZ-115,"BÉZ-115 Rue Jeanne Jugan BEZIERS 34500, 4000L Aérienne",Textile,#0e3056,ic_container_ccsp_4,2025-05-05 15:38:10
2f9af370-5efc-4c98-9957-a2b5a5e72fe6,3.22498130732443,43.3623226104759,BÉZ-266-OM2,BÉZ-266,"BÉZ-266 74 Rue Micheline Ostermeyer BEZIERS 34500, 4000L Enterrée",Déchets ménagers,#767678,ic_container_11,2025-05-05 15:38:10
2fb6f04b-8faa-4ca3-a271-b8fbb5858fad,3.23300171997899,43.3369199445075,BÉZ-421-Bio,BÉZ-421,"BÉZ-421 24 Rue Louis Paulhan BEZIERS 34500, 4000L Aérienne",Biodéchets,#fb7e12,ic_container_ccsp_4,2025-05-05 15:38:10
2fc87ddc-2e70-4dbc-9a77-64c5efeaa4cc,3.23663311465394,43.3444348932213,BÉZ-84-CS2,BÉZ-84,"BÉZ-84 1 Rue René Anglade BEZIERS 34500, 4000L Semi-enterrée",Tri sélectif,#f0e53d,ic_container_9,2025-05-05 15:38:10
2fcd3819-3b55-4305-9884-753ade2be728,3.29209525188075,43.2480468837564,VAL-34-CS2,VAL-34,"VAL-34 2 Impasse Gambetta VALRAS PLAGE 34350, 4000L Semi-enterrée",Tri sélectif,#f0e53d,ic_container_9,2025-05-05 15:38:10
303f89bb-18d6-48aa-b61a-1fa784211d12,3.29123900883357,43.2540851256033,VAL-1-V,VAL-1,"VAL-1 3 Rue du Gourp Salat VALRAS PLAGE 34350, 4000L Semi-enterrée",Verre,#41a111,ic_container_9,2025-06-11 12:53:11
304b7b01-c9b1-4749-96d0-8255acce9aa5,3.27191048293355,43.3360229642907,BÉZ-514-OM,BÉZ-514,"BÉZ-514 231 Rue de la Hotte BEZIERS 34500, 4000L Semi-enterrée",Déchets ménagers,#767678,ic_container_9,2025-05-05 15:38:10
307fa1dc-628a-4efb-bde0-7be42772d808,3.22950944596779,43.3351948732475,BÉZ-381-Bio2,BÉZ-381,"BÉZ-381 15 Rue Maréchal Thomas Bugeaud BEZIERS 34500, 4000L Aérienne",Biodéchets,#fb7e12,ic_container_ccsp_4,2025-05-05 15:38:10
30ce89ef-02bb-45bd-966b-7d2bd43b329c,3.22365218827968,43.3356428250343,BÉZ-167-OM2,BÉZ-167,"BÉZ-167 33 Boulevard de Verdun BEZIERS 34500, 4000L Enterrée",Déchets ménagers,#767678,ic_container_11,2025-05-05 15:38:10
30d66498-28e4-4212-b4f7-481112f74ae4,3.20837638704174,43.3664185556079,BÉZ-78-CS,BÉZ-78,"BÉZ-78 60 Rue Marcel Bardiaux BEZIERS 34500, 4000L Enterrée",Tri sélectif,#f0e53d,ic_container_11,2025-05-05 15:38:10
30df5c8f-1aca-4864-984b-e38760bbff72,3.26849682601649,43.3378198691143,BÉZ-223-CS,BÉZ-223,"BÉZ-223 8 Rue du Cardinal BEZIERS 34500, 4000L Enterrée",Tri sélectif,#f0e53d,ic_container_11,2025-05-05 15:38:10
31013548-65ee-4811-b0b4-89c2a10c7d41,3.21586436234453,43.3400073182155,BÉZ-526-CS2,BÉZ-526,"BÉZ-526 Place Garibaldi BEZIERS 34500, 4000L Semi-enterrée",Tri sélectif,#f0e53d,ic_container_9,2025-05-05 15:38:10
310ef714-ebf4-4528-8d30-30e08a603a73,3.29855029469196,43.2557443407482,VAL-31-CS,VAL-31,"VAL-31 1 Boulevard de la Recanette VALRAS PLAGE 34350, 4000L Aérienne",Tri sélectif,#f0e53d,ic_container_ccsp_4,2025-05-05 15:38:10
3170e00c-ede8-440a-8eb0-f02e04fe4120,3.24809490117164,43.3328801823809,BÉZ-26-V,BÉZ-26,"BÉZ-26 5 Rue d'Alger BEZIERS 34500, 4000L Aérienne",Verre,#41a111,ic_container_ccsp_4,2025-05-05 15:38:10
3194936c-76e0-4ee1-890f-a7430d35946f,3.25142089800028,43.336982291257,BÉZ-50-OM,BÉZ-50,"BÉZ-50 1 Rue Jean Franco BEZIERS 34500, 4000L Aérienne",Déchets ménagers,#767678,ic_container_ccsp_4,2025-05-05 15:38:10
31dbc913-b55d-457e-b312-6944018b50c6,3.29605321819902,43.2526840942994,VAL-39-OM,VAL-39,"VAL-39 22 Residence les Maisons du Port VALRAS PLAGE 34350, 4000L Enterrée",Déchets ménagers,#767678,ic_container_11,2025-05-20 14:34:57
31ee01bc-0ee1-40d2-a9fc-c09cad33113f,3.23524331364236,43.3517959730905,BÉZ-304-V,BÉZ-304,"BÉZ-304 1 Square Docteur Joseph Senty BEZIERS 34500, 4000L Semi-enterrée",Verre,#41a111,ic_container_9,2025-05-05 15:38:10
3201e2c3-45d5-4cdc-b33d-00a8ad0d9e77,3.22989261955971,43.345982960026,BÉZ-508-OM,BÉZ-508,"BÉZ-508 2 Rue Henry Dunant BEZIERS 34500, 4000L Enterrée",Déchets ménagers,#767678,ic_container_11,2025-05-05 15:38:10
320db68f-b7f3-4662-93a8-486999d7ba84,3.23217290373039,43.3451620801441,BÉZ-88-CS,BÉZ-88,"BÉZ-88 42 Avenue Pierre Verdier BEZIERS 34500, 4000L Aérienne",Tri sélectif,#f0e53d,ic_container_ccsp_4,2025-05-05 15:38:10
32136a0b-29a2-4619-a51b-fc3f3790a402,3.28037738159806,43.3248518493648,VIL-41-CS,VIL-41,"VIL-41 41 Rue des Gloriettes VILLENEUVE LES BEZIERS 34420, 4000L Enterrée",Tri sélectif,#f0e53d,ic_container_11,2025-05-05 15:38:10
321d8efb-52da-4b0c-a827-6ef294b82c2c,3.23490160606055,43.340569637347,BÉZ-11-OM,BÉZ-11,"BÉZ-11 53 Avenue Jean Constans BEZIERS 34500, 4000L Semi-enterrée",Déchets ménagers,#767678,ic_container_9,2025-05-05 15:38:10
32343bd5-4590-4f7d-a7f9-2568d7e1381f,3.2709360094321,43.2390415040497,SÉR-46-OM,SÉR-46,"SÉR-46 1 Impasse du Liseron SERIGNAN 34410, 4000L Semi-enterrée",Déchets ménagers,#767678,ic_container_9,2025-05-20 11:02:12
32698a1a-c003-4e80-a0fb-a75d4f1790e7,3.25125098597374,43.3380332113826,BÉZ-36-CS,BÉZ-36,"BÉZ-36 2 Place de l'Église BEZIERS 34500, 4000L Enterrée",Tri sélectif,#f0e53d,ic_container_11,2025-05-05 15:38:10
3280d0be-8e19-46dc-9ca9-f61e33e840a9,3.23547860725251,43.3612717936984,BÉZ-306-T,BÉZ-306,"BÉZ-306 17 Rue Francis Crick BEZIERS 34500, 4000L Semi-enterrée",Textile,#0e3056,ic_container_9,2025-05-05 15:38:10
3287dcb3-04d2-4ac4-a464-fbab723bc157,3.2414603593927,43.3397729429211,BÉZ-488-V,BÉZ-488,"BÉZ-488 22 Rue Raoul Follereau BEZIERS 34500, 4000L Semi-enterrée",Verre,#41a111,ic_container_9,2025-05-05 15:38:10
32a1e91e-a5ec-4211-9296-b30e472bce33,3.26466906041599,43.3388958491367,BÉZ-220-V,BÉZ-220,"BÉZ-220 16 Rue du Listan BEZIERS 34500, 4000L Semi-enterrée",Verre,#41a111,ic_container_9,2025-05-05 15:38:10
32bccda8-b9f3-4c86-94fc-5c4d40872354,3.25114556293627,43.2904638021388,SAU-25-OM,SAU-25,"SAU-25 44 Rue des Tulipes SAUVIAN 34410, 4000L Semi-enterrée",Déchets ménagers,#767678,ic_container_9,2025-05-20 13:22:31
32d62b3b-6477-411a-b9e7-50ab00e3740b,3.20645911187162,43.3372208404457,BÉZ-432-CS,BÉZ-432,"BÉZ-432 8 Avenue du Port Notre Dame BEZIERS 34500, 4000L Aérienne",Tri sélectif,#f0e53d,ic_container_ccsp_4,2025-05-05 15:38:10
32e3e076-1a2e-402d-8485-aae0385bbc50,3.24525717334176,43.3532043072289,BÉZ-274-CS,BÉZ-274,"BÉZ-274 36 Avenue de Badones BEZIERS 34500, 4000L Aérienne",Tri sélectif,#f0e53d,ic_container_ccsp_4,2025-05-05 15:38:10
337b5857-fa51-4e8a-97fb-991e6f6c6575,3.28960809121134,43.2472797297382,VAL-19-CS2,VAL-19,"VAL-19 5 Rue du Stade Municipal VALRAS PLAGE 34350, 4000L Enterrée",Tri sélectif,#f0e53d,ic_container_11,2025-05-05 15:38:10
3382f825-e51c-4387-9621-9ee105119e23,3.24037748029363,43.3449870803892,BÉZ-91-T,BÉZ-91,"BÉZ-91 2 Rue Robert Rivetti BEZIERS 34500, 4000L Enterrée",Textile,#0e3056,ic_container_11,2025-05-05 15:38:10
338e7838-0d13-4815-b9f0-9ca91a709626,3.244182533572,43.2942831732927,SAU-30-T,SAU-30,"SAU-30 36 Rue Yves Montand SAUVIAN 34410, 4000L Semi-enterrée",Textile,#0e3056,ic_container_9,2025-05-05 15:38:10
33aa9cc3-9fa4-474a-9e02-63bb7eab1384,3.27305226830524,43.236706331811,VAL-18-Bio,VAL-18,"VAL-18 1 Rue de Provence VALRAS PLAGE 34350, 4000L Enterrée",Biodéchets,#fb7e12,ic_container_11,2025-05-05 15:38:10
33c0f5a5-48f8-436c-a35f-168a39f30074,3.26202136613406,43.3344479330543,BÉZ-503-OM,BÉZ-503,"BÉZ-503 68 Rue Charles Brennus BEZIERS 34500, 4000L Semi-enterrée",Déchets ménagers,#767678,ic_container_9,2025-05-05 15:38:10
33ca8be4-add4-45ee-a36e-4da42d9f410b,3.18365462066125,43.3368539562611,BÉZ-248-T,BÉZ-248,"BÉZ-248 1129 Rue Antonio Machado BEZIERS 34500, 4000L Semi-enterrée",Textile,#0e3056,ic_container_9,2025-05-05 15:38:10
340a6391-914f-43ef-8856-135e298eeb39,3.24516660902038,43.291072597705,SAU-32-CS,SAU-32,"SAU-32 41 Avenue de Font Vive SAUVIAN 34410, 4000L Aérienne",Tri sélectif,#f0e53d,ic_container_ccsp_4,2025-05-05 15:38:10
34156111-91db-47cf-a9dc-4fe0a8d7880c,3.23642732053787,43.3387088515084,BÉZ-551-OM,BÉZ-551,"BÉZ-551 100 Avenue Jean Constans BEZIERS 34500, 4000L Semi-enterrée",Déchets ménagers,#767678,ic_container_9,2025-05-05 15:38:10
3415fc9c-48ca-4e09-be08-c5a34210f248,3.27824843806171,43.3335461908233,VIL-42-V,VIL-42,"VIL-42 8 Rue Roque Segui VILLENEUVE LES BEZIERS 34420, 4000L Semi-enterrée",Verre,#41a111,ic_container_9,2025-06-11 13:08:51
342386be-68e4-4293-bbe2-1d772469c35a,3.23788122344486,43.3472799017392,BÉZ-405-OM,BÉZ-405,"BÉZ-405 9 Rue Commandant Raynal BEZIERS 34500, 4000L Enterrée",Déchets ménagers,#767678,ic_container_11,2025-05-05 15:38:10
3440ff02-bb61-4024-ae77-e48cdfa3e1ed,3.25371313448583,43.3339941472,BÉZ-58-Bio,BÉZ-58,"BÉZ-58 119 Rue Mathilde Bellaud Dessalles BEZIERS 34500, 4000L Aérienne",Biodéchets,#fb7e12,ic_container_ccsp_4,2025-05-05 15:38:10
34602ec7-21ad-45e5-8b28-8f1e05b9426d,3.23151401765826,43.3508518163012,BÉZ-73-V,BÉZ-73,"BÉZ-73 5 Rue Ferdinand de Lesseps BEZIERS 34500, 4000L Semi-enterrée",Verre,#41a111,ic_container_9,2025-05-05 15:38:10
3495818d-84a6-4354-a3b6-b0770e9b9ea2,3.25460110039932,43.3336591721911,BÉZ-17-V2,BÉZ-17,"BÉZ-17 Square Géo André BEZIERS 34500, 4000L Aérienne",Verre,#41a111,ic_container_ccsp_4,2025-05-05 15:38:10
349f3b14-b874-4051-a09a-5c9d6f57b87b,3.22339405589256,43.3509539363897,BÉZ-6-OM2,BÉZ-6,"BÉZ-6 128 Avenue Georges Clémenceau BEZIERS 34500, 4000L Enterrée",Déchets ménagers,#767678,ic_container_11,2025-05-05 15:38:10
34df48b6-a1f4-4892-bcb3-1a047ab5e541,3.21873664198989,43.365454291688,BÉZ-360-V,BÉZ-360,"BÉZ-360 880 Ancienne Route de Bédarieux BEZIERS 34500, 4000L Enterrée",Verre,#41a111,ic_container_11,2025-05-05 15:38:10
34e49950-9998-4819-84ff-8693ba83e81f,3.23632621083029,43.3445637864562,BÉZ-250-CS,BÉZ-250,"BÉZ-250 4 Rue des Epoux Pignol BEZIERS 34500, 4000L Enterrée",Tri sélectif,#f0e53d,ic_container_11,2025-05-05 15:38:10
35002afd-3989-4605-b608-d9e18d8b7ef5,3.21227070285766,43.3470368219943,BÉZ-265-V,BÉZ-265,"BÉZ-265 46 Boulevard d'Angleterre BEZIERS 34500, 4000L Aérienne",Verre,#41a111,ic_container_ccsp_4,2025-05-05 15:38:10
35114505-9580-48ff-9be6-6eecf19d62ea,3.28260208606296,43.281875149805,SÉR-16-Bio,SÉR-16,"SÉR-16 29 Rue du 11 Novembre 1918 SERIGNAN 34410, 4000L Enterrée",Biodéchets,#fb7e12,ic_container_11,2025-05-05 15:38:10
35385df2-b01b-49f7-b78f-356a6802c69b,3.24359997019785,43.3501932831391,BÉZ-324-V2,BÉZ-324,"BÉZ-324 22 Rue Marie Durand BEZIERS 34500, 4000L Semi-enterrée",Verre,#41a111,ic_container_9,2025-05-05 15:38:10
354b1a92-59e4-4dbb-8343-47d98656e7eb,3.28083093200277,43.3163314518445,VIL-11-T,VIL-11,"VIL-11 10 Rue Louis Rouvier VILLENEUVE LES BEZIERS 34420, 4000L Aérienne",Textile,#0e3056,ic_container_ccsp_4,2025-05-05 15:38:10
3555317f-850c-4c99-a527-387f1bf542bb,3.20998437307106,43.3471965094397,BÉZ-136-CS,BÉZ-136,"BÉZ-136 1 Rue des Ramiers BEZIERS 34500, 4000L Semi-enterrée",Tri sélectif,#f0e53d,ic_container_9,2025-05-05 15:38:10
356a540c-7157-4703-a1f9-a888d3187f0f,3.23134521268873,43.3491178083225,BÉZ-411-CS2,BÉZ-411,"BÉZ-411 18 Rue Pierre Carlet de Chamblain de Marivaux BEZIERS 34500, 4000L Aérienne",Tri sélectif,#f0e53d,ic_container_ccsp_4,2025-05-05 15:38:10
35cea63a-6487-4e8e-a9e5-080a48f5891c,3.20740861436982,43.336259067741,BÉZ-431-CS2,BÉZ-431,"BÉZ-431 22 Avenue de Sérignan BEZIERS 34500, 4000L Enterrée",Tri sélectif,#f0e53d,ic_container_11,2025-05-05 15:38:10
35d6613a-0665-48e8-bfaf-1852a541448e,3.23205333316597,43.3472849996111,BÉZ-314-CS,BÉZ-314,"BÉZ-314 1 Impasse Jules Supervielle BEZIERS 34500, 4000L Semi-enterrée",Tri sélectif,#f0e53d,ic_container_9,2025-05-05 15:38:10
3633d889-5c1e-4d97-9c33-d518dc6b3962,3.22874903979891,43.360657979518,BÉZ-356-OM,BÉZ-356,"BÉZ-356 17 Rue Quentin de la Tour BEZIERS 34500, 4000L Enterrée",Déchets ménagers,#767678,ic_container_11,2025-05-05 15:38:10
36384089-1f75-417b-9924-f638d3951a13,3.21329980475883,43.3532300572058,BÉZ-429-V,BÉZ-429,"BÉZ-429 57 Route de Corneilhan BEZIERS 34500, 4000L Aérienne",Verre,#41a111,ic_container_ccsp_4,2025-05-05 15:38:10
36401cbd-59c0-4964-8893-af9c5ba4a8e9,3.24172510578439,43.349155647564,BÉZ-328-CS,BÉZ-328,"BÉZ-328 13 Rue Laurens Ravanel BEZIERS 34500, 4000L Enterrée",Tri sélectif,#f0e53d,ic_container_11,2025-05-05 15:38:10
36444585-d7a0-4a5d-b9c5-3f55e4f399e9,3.2585868495785,43.3370499256812,BÉZ-545-V,BÉZ-545,"BÉZ-545 5 Rue de Bastit BEZIERS 34500, 4000L Enterrée",Verre,#41a111,ic_container_11,2025-05-05 15:38:10
36508957-2812-44e8-aca9-5ae6a4996929,3.22864021727554,43.3582746300414,BÉZ-394-OM,BÉZ-394,"BÉZ-394 2 Rue Maurice Utrillo BEZIERS 34500, 4000L Enterrée",Déchets ménagers,#767678,ic_container_11,2025-05-05 15:38:10
3665ed4e-1adc-495e-96a5-6aa7b90324d1,3.23205333316597,43.3472849996111,BÉZ-314-V,BÉZ-314,"BÉZ-314 1 Impasse Jules Supervielle BEZIERS 34500, 4000L Enterrée",Verre,#41a111,ic_container_11,2025-05-05 15:38:10
36845be0-3706-48ae-9a32-66a24879fc0f,3.20645911187162,43.3372208404457,BÉZ-432-OM,BÉZ-432,"BÉZ-432 8 Avenue du Port Notre Dame BEZIERS 34500, 4000L Aérienne",Déchets ménagers,#767678,ic_container_ccsp_4,2025-05-05 15:38:10
36cd6d39-38cf-49ab-98ec-574ffe434fd3,3.27335254477264,43.3354160390583,VIL-34-V,VIL-34,"VIL-34 Rue Bacchus VILLENEUVE LES BEZIERS 34420, 4000L Aérienne",Verre,#41a111,ic_container_ccsp_4,2025-05-05 15:38:10
36d2db0a-05d7-443c-975d-85f0c01eefb0,3.21574186306729,43.3358591118627,BÉZ-257-OM3,BÉZ-257,"BÉZ-257 43 Espace Pierre Brousse BEZIERS 34500, 4000L Aérienne",Déchets ménagers,#767678,ic_container_ccsp_4,2025-05-05 15:38:10
36da7de7-3a0d-4d98-80f6-8d852a8588d0,3.32007353797784,43.2634994553954,SÉR-5-CS2,SÉR-5,"SÉR-5 2015 Les Orpellières et la Seou SERIGNAN 34410, 4000L Aérienne",Tri sélectif,#f0e53d,ic_container_ccsp_4,2025-05-05 15:38:10
36ddde39-db33-400e-91a7-377b86991b00,3.21245289774229,43.3429862611824,BÉZ-184-OM,BÉZ-184,"BÉZ-184 Rue Pierre Flourens BEZIERS 34500, 4000L Enterrée",Déchets ménagers,#767678,ic_container_11,2025-05-05 15:38:10
36e0dfde-2ee0-4718-a87c-2dc38d68fe50,3.28614216901046,43.3536962503463,BÉZ-200-OM,BÉZ-200,"BÉZ-200 1 Rue des Ecureuils BEZIERS 34500, 4000L Semi-enterrée",Déchets ménagers,#767678,ic_container_9,2025-05-05 15:38:10
36fbaf96-96df-4a61-acd2-bdcf6a1c99db,3.26136823214866,43.295841502777,SAU-3-V,SAU-3,"SAU-3 40 Rue des Ecoles SAUVIAN 34410, 4000L Semi-enterrée",Verre,#41a111,ic_container_9,2025-05-05 15:38:10
370ac448-78fd-4134-b538-8a87c5fc0190,3.22846031954523,43.3405347962532,BÉZ-510-CS,BÉZ-510,"BÉZ-510 Rue Jean Valette BEZIERS 34500, 4000L Aérienne",Tri sélectif,#f0e53d,ic_container_ccsp_4,2025-05-05 15:38:10
370b212a-20fa-4f5c-bf26-9ffa272f72a4,3.19868905425921,43.3617954191283,BÉZ-137-V,BÉZ-137,"BÉZ-137 175 Chemin Rural 22 de Cayrou à Saint Hypolite BEZIERS 34500, 4000L Aérienne",Verre,#41a111,ic_container_ccsp_4,2025-05-05 15:38:10
37320466-a66e-4c99-8d8a-265da57fb559,3.22942486216235,43.3563262141597,BÉZ-392-V2,BÉZ-392,"BÉZ-392 34 Rue Auguste Renoir BEZIERS 34500, 4000L Semi-enterrée",Verre,#41a111,ic_container_9,2025-05-05 15:38:10
3734d2f9-ba9d-4d05-ba6b-359ebc9ae9d2,3.22019570309826,43.3470603593496,BÉZ-315-T,BÉZ-315,"BÉZ-315 41 Avenue Jean Moulin BEZIERS 34500, 4000L Semi-enterrée",Textile,#0e3056,ic_container_9,2025-05-05 15:38:10
37422132-d8f1-41c2-8855-a43894a37cb4,3.21950961967994,43.3594228386476,BÉZ-365-CS,BÉZ-365,"BÉZ-365 206 Ancienne Route de Bédarieux BEZIERS 34500, 4000L Semi-enterrée",Tri sélectif,#f0e53d,ic_container_9,2025-05-05 15:38:10
374321b0-f071-408e-ab9c-4673612027c1,3.21230029636448,43.3616954435828,BÉZ-122-Bio,BÉZ-122,"BÉZ-122 234 Route de Corneilhan BEZIERS 34500, 4000L Aérienne",Biodéchets,#fb7e12,ic_container_ccsp_4,2025-05-05 15:38:10
377b400a-496a-4be7-801a-d3eaa1f4d784,3.23359226835631,43.3510628185639,BÉZ-74-CS,BÉZ-74,"BÉZ-74 2 Rue Jean Ladoux BEZIERS 34500, 4000L Aérienne",Tri sélectif,#f0e53d,ic_container_ccsp_4,2025-05-05 15:38:10
3782b744-f022-4e80-ad2b-dc476a091a0e,3.20689639742318,43.3525845764025,BÉZ-130-OM,BÉZ-130,"BÉZ-130 10 Avenue du Pech de la Galinière BEZIERS 34500, 4000L Enterrée",Déchets ménagers,#767678,ic_container_11,2025-05-05 15:38:10
37936cd3-96b0-4fa2-9ea7-83d800144367,3.20854357330816,43.3507982473744,BÉZ-160-CS,BÉZ-160,"BÉZ-160 Rue Jules Dalou BEZIERS 34500, 4000L Semi-enterrée",Tri sélectif,#f0e53d,ic_container_9,2025-05-05 15:38:10
37ab5c55-0ab9-4dfb-ad20-6bfb8649c21c,3.20754503731706,43.363708240781,BÉZ-139-T,BÉZ-139,"BÉZ-139 10 Impasse Mike Plant BEZIERS 34500, 4000L Semi-enterrée",Textile,#0e3056,ic_container_9,2025-05-05 15:38:10
37b94a79-22b7-471a-9734-cad35822c744,3.27708030467772,43.3218056493658,VIL-6-V,VIL-6,"VIL-6 5 Chemin de Boujan VILLENEUVE LES BEZIERS 34420, 4000L Semi-enterrée",Verre,#41a111,ic_container_9,2025-05-05 15:38:10
37d8cc26-d6b4-4d48-986c-c2b620a6e242,3.25312429191963,43.3376475483006,BÉZ-35-CS,BÉZ-35,"BÉZ-35 6 Rue Serge Gousseault BEZIERS 34500, 4000L Aérienne",Tri sélectif,#f0e53d,ic_container_ccsp_4,2025-05-05 15:38:10
37dc593c-9997-4c5c-8c31-c79696f82504,3.24013364296171,43.3595577352088,BÉZ-173-CS,BÉZ-173,"BÉZ-173 161 Rue de Puivert BEZIERS 34500, 4000L Semi-enterrée",Tri sélectif,#f0e53d,ic_container_9,2025-05-05 15:38:10
38002cb7-cd58-4b20-bc05-c6a8bb812f4b,3.22799898080331,43.3491974008509,BÉZ-505-T,BÉZ-505,"BÉZ-505 32 Rue Georges Picot BEZIERS 34500, 4000L Semi-enterrée",Textile,#0e3056,ic_container_9,2025-05-05 15:38:10
3837184b-1e51-478b-9520-9a451030a686,3.22683625129119,43.3397163742323,BÉZ-518-Bio,BÉZ-518,"BÉZ-518 37 Boulevard de Genève BEZIERS 34500, 4000L Aérienne",Biodéchets,#fb7e12,ic_container_ccsp_4,2025-05-05 15:38:10
3865ea32-afff-48d9-8972-08c4b6eca81d,3.29600746644851,43.2508987811433,VAL-7-CS2,VAL-7,"VAL-7 30 Rue Jean Soutie VALRAS PLAGE 34350, 4000L Aérienne",Tri sélectif,#f0e53d,ic_container_ccsp_4,2025-05-05 15:38:10
3875209d-c7af-4e3d-bf7e-d503434a1029,3.1827721720383,43.3355273432212,BÉZ-463-CS3,BÉZ-463,"BÉZ-463 282 Rue Antonio Machado BEZIERS 34500, 4000L Semi-enterrée",Tri sélectif,#f0e53d,ic_container_9,2025-05-05 15:38:10
3888695b-675c-4750-96b3-b170b11b676a,3.21839134721916,43.3531722798269,BÉZ-476-V2,BÉZ-476,"BÉZ-476 2 Cour de la Font Neuve BEZIERS 34500, 4000L Enterrée",Verre,#41a111,ic_container_11,2025-05-05 15:38:10
3893637a-195d-486a-b602-0a0ba3639462,3.28932974384901,43.2518748786775,VAL-12-Bio,VAL-12,"VAL-12 43 Avenue Charles Cauquil VALRAS PLAGE 34350, 4000L Semi-enterrée",Biodéchets,#fb7e12,ic_container_9,2025-05-05 15:38:10
38a9e5c1-5023-4d17-9731-8d0cdd011939,3.25312429191963,43.3376475483006,BÉZ-34-Bio,BÉZ-34,"BÉZ-34 6 Rue Serge Gousseault BEZIERS 34500, 4000L Semi-enterrée",Biodéchets,#fb7e12,ic_container_9,2025-05-05 15:38:10
38b036a8-ec68-461e-bbcc-c40b4421b4f8,3.26202136613406,43.3344479330543,BÉZ-503-CS,BÉZ-503,"BÉZ-503 68 Rue Charles Brennus BEZIERS 34500, 4000L Enterrée",Tri sélectif,#f0e53d,ic_container_11,2025-05-05 15:38:10
39397afe-83a6-407b-a8db-517823264755,3.25519687527828,43.3356372472806,BÉZ-305-OM,BÉZ-305,"BÉZ-305 484 Avenue Armand Vaquerin BEZIERS 34500, 4000L Semi-enterrée",Déchets ménagers,#767678,ic_container_9,2025-05-05 15:38:10
395f9365-0288-4a2b-b7c4-333a877a2915,3.22094023486403,43.3581343852043,BÉZ-245-CS,BÉZ-245,"BÉZ-245 2 Impasse du Canigou BEZIERS 34500, 4000L Semi-enterrée",Tri sélectif,#f0e53d,ic_container_9,2025-05-05 15:38:10
399d4cc3-9d97-4636-a7c2-3fa04e5a33d7,3.21698797378467,43.3373428742939,BÉZ-553-T,BÉZ-553,"BÉZ-553 16 Rue de l'Hirondelle BEZIERS 34500, 4000L Semi-enterrée",Textile,#0e3056,ic_container_9,2025-05-05 15:38:10
39ab27d1-6cb6-4363-9a44-9d6d80f60d8d,3.25411366494256,43.2973740863279,SAU-7-V,SAU-7,"SAU-7 3 Route de Béziers SAUVIAN 34410, 4000L Enterrée",Verre,#41a111,ic_container_11,2025-05-05 15:38:10
39b7ede0-ed0f-4f0d-adb4-9bd2c4991c11,3.24588422867535,43.3415575970527,BÉZ-483-T2,BÉZ-483,"BÉZ-483 24 Impasse Alfred Nobel BEZIERS 34500, 4000L Enterrée",Textile,#0e3056,ic_container_11,2025-05-05 15:38:10
39d882bf-50e5-4c0d-870d-83414a79a3a6,3.23656082778611,43.3344222033757,BÉZ-534-CS,BÉZ-534,"BÉZ-534 11 Rue Théodule Ribot BEZIERS 34500, 4000L Aérienne",Tri sélectif,#f0e53d,ic_container_ccsp_4,2025-05-05 15:38:10
3a0158dc-5177-487e-801f-7ea81676d187,3.2778782778734,43.2414263215164,VAL-28-Bio,VAL-28,"VAL-28 27 Cami Founjut VALRAS PLAGE 34350, 4000L Enterrée",Biodéchets,#fb7e12,ic_container_11,2025-05-05 15:38:10
3a018bd6-70d3-4ba6-8de2-92fc156dcdbf,3.225326183132,43.3379124089712,BÉZ-190-CS3,BÉZ-190,"BÉZ-190 15 Rue des Tuileries BEZIERS 34500, 4000L Semi-enterrée",Tri sélectif,#f0e53d,ic_container_9,2025-05-05 15:38:10
3a01c8a3-d6ee-4551-ba79-f3d48344e30e,3.21755252062722,43.3452430858332,BÉZ-121-Bio,BÉZ-121,"BÉZ-121 6 Place du Général de Gaulle BEZIERS 34500, 4000L Semi-enterrée",Biodéchets,#fb7e12,ic_container_9,2025-05-05 15:38:10
3a18dce7-960f-45e0-b896-761d58747ed3,3.21574186306729,43.3358591118627,BÉZ-257-OM,BÉZ-257,"BÉZ-257 43 Espace Pierre Brousse BEZIERS 34500, 4000L Aérienne",Déchets ménagers,#767678,ic_container_ccsp_4,2025-05-05 15:38:10
3a66db03-ef05-4aa7-abf2-ed50db9dec84,3.24167961289829,43.3333166726427,BÉZ-446-V,BÉZ-446,"BÉZ-446 5 Rue des Châtaigniers BEZIERS 34500, 4000L Aérienne",Verre,#41a111,ic_container_ccsp_4,2025-05-05 15:38:10
3a6d9e54-0c60-486f-a7b0-3e48097d37cf,3.19692297073737,43.3626504058446,BÉZ-79-OM,BÉZ-79,"BÉZ-79 570 Chemin Rural 13 de Béziers à Pech Coucut BEZIERS 34500, 4000L Semi-enterrée",Déchets ménagers,#767678,ic_container_9,2025-05-05 15:38:10
3a77977f-42af-4fa9-8d64-f4df3da15f53,3.22522156144091,43.3409492440178,BÉZ-517-V,BÉZ-517,"BÉZ-517 22 Boulevard de Genève BEZIERS 34500, 4000L Semi-enterrée",Verre,#41a111,ic_container_9,2025-05-05 15:38:10
3a866227-27c9-47b7-88b5-08551144e3ee,3.22924708098562,43.3626092217808,BÉZ-234-OM,BÉZ-234,"BÉZ-234 825 Boulevard Ernest Hemingway BEZIERS 34500, 4000L Enterrée",Déchets ménagers,#767678,ic_container_11,2025-05-05 15:38:10
